,Returns,Standard Deviation,Sharpe Ratio,ADANIPORTS Weight,ASIANPAINT Weight,BAJFINANCE Weight,BAJAJFINSV Weight,BRITANNIA Weight,DIVISLAB Weight,GRASIM Weight,HCLTECH Weight,HDFCBANK Weight,HINDALCO Weight,HINDUNILVR Weight,ICICIBANK Weight,INFY Weight,JSWSTEEL Weight,KOTAKBANK Weight,LT Weight,NESTLEIND Weight,POWERGRID Weight,RELIANCE Weight,TCS Weight,TATACONSUM Weight,TATASTEEL Weight,TECHM Weight,TITAN Weight,ULTRACEMCO Weight,WIPRO Weight
0,27.400000000000002,18.335757415498275,1.2991009566840246,3.6836587955555014,5.245867601193999,6.377281915617111,1.6125617933183862,4.563598864556686,5.070184071791652,1.5782240256019648,4.572509601853486,4.082449936120618,1.8539265432076129,3.382257485459262,3.2440027908157996,3.487267682749371,5.896491116397629,1.3912993586774849,2.687192994217611,5.285152914780365,2.7660892721075867,5.012889207023578,3.820397803342039,5.728989321674838,4.312392511933526,3.999137906215654,3.786984684252021,2.1160866599232167,4.443105141613011
1,27.200000000000003,18.335757415498275,1.2881933080132937,3.7985576480958754,5.38129082478417,6.188034041519263,1.7453791591338312,3.828563270656132,4.698671259391719,1.4074036482349934,5.4140155231969445,4.3456927775320775,1.4891536564818892,3.134709238601157,3.781664950585494,2.9106576963910555,5.831340672445966,1.6368675431075081,2.7594065256479245,5.320609387991147,3.4526265796944364,5.290140295011389,3.9971681527381198,6.0878350589169,4.572177942538395,3.4020375258674465,3.5746273632918157,1.936332965578589,4.015036292565776
2,27.400000000000002,18.335757415498275,1.2991009566840246,3.1373471697372874,5.470587589939839,6.146223656574005,4.735571234818652,6.075514550447346,2.538832157697328,1.3261498267286447,4.334023476755258,3.088394788475334,2.3605905937967004,4.506977967552558,3.9957020347399577,6.354637580800985,5.268919438207174,1.9304649021226739,3.3671458412613493,2.2374684455257277,2.71990892434314,4.152645519718605,2.926349004348038,5.230720800711638,3.5713846571998316,3.057571405688295,5.252136217676569,1.9375192302889952,4.27721298484409
3,27.599999999999998,18.335757415498275,1.3100086053547548,3.122271698552929,5.492244820472217,6.433271040844016,4.818806722833972,6.089721900671066,2.619643170970148,1.1886868559004995,4.43907379251328,3.163770978061168,2.120419717926576,4.371369283434478,3.935672731190154,6.198508322231287,5.31998416688967,1.9265345125326607,3.36442218323757,2.499309986883914,2.780197605471674,4.373133881478533,2.7502399430751523,5.280371942065966,3.3368945921706543,3.065023000443333,5.257494213648593,1.9487206474099714,4.104212289090512
4,27.400000000000002,17.88854381999832,1.3315784806011248,3.2017255937024287,4.894234545173664,5.354127792767671,4.389649780274787,5.68983048970104,4.142267305462846,1.1673991441878417,5.2545482565558945,4.31753640075714,1.8135233824269452,3.3670837520654215,4.041545374871049,3.1551820886102555,5.124531204371071,1.7233788469328433,2.6765537938163813,5.575850868890699,3.5463576956384615,4.638337422587201,4.013525709191088,5.264517477499146,4.084905652855245,2.7418138223213475,4.49873992306307,1.7114555845252277,3.6113780917512357
5,27.400000000000002,17.88854381999832,1.3315784806011248,2.9814909381728536,4.767274450436071,5.153595819103258,5.244903805757364,6.375621534954982,3.9950316606934737,1.1044092441659163,5.013111842341095,4.254603307941844,1.9800506731635443,3.3997780949772607,3.998776368676476,3.48956842904826,4.942525013603817,1.693499182634641,2.6142872018383008,5.738811715041538,3.4252668371912964,4.354225255446168,4.012629652994875,4.937272147358683,3.8648186752399836,2.662656869602496,4.727726703145648,1.7005693729478324,3.567495203522339
6,27.400000000000002,17.88854381999832,1.3315784806011248,2.8421253872272985,4.686933490887003,5.026698220154815,5.786112673059255,6.809593412021848,3.9018602354118075,1.064548931993647,4.860329716365257,4.214778943643586,2.0854299449460467,3.4204672326688508,3.971711935527352,3.7011697161016155,4.827350619316111,1.6745911871287842,2.5748846024805356,5.8419341235096995,3.348639958640418,4.174437707438636,4.012062624317381,4.7301897260216785,3.7255465755900086,2.6125659686028,4.872630640669557,1.6936805258200023,3.5397259004560415
7,27.400000000000002,17.88854381999832,1.3315784806011248,3.2082749803420065,6.635604453965479,6.939288360918136,4.001433570307294,4.843864125079499,2.179295244220516,1.6506554065044114,3.5392203972437883,3.1309379298281157,1.9413505817431305,4.524433181019682,2.634399720724352,8.133669966877514,4.519575430726719,1.674234626272137,2.7614258528220055,4.356273685950763,2.317496515901601,4.212184912645997,7.146024123970661,3.7369277400488907,2.557869532343768,2.9595091243676626,4.899181488615836,2.182321018037612,3.3145480295224203
8,27.400000000000002,17.88854381999832,1.3315784806011248,3.1045214383889794,7.120718931789318,7.233920566485384,3.8970771081048503,4.573401003417477,2.129113425038182,1.60117398909789,3.3115597011011806,3.094158271083653,1.9184411923257125,4.519341838986909,2.4156955455570053,9.159219181648348,4.4099598106820075,1.6678267303049832,2.7039066997888193,4.182885591700816,2.124424188371373,4.052028071453121,7.314342273665475,3.532126766593593,2.38474407648234,3.0579792593456476,4.978684380892121,2.262239246586253,3.250510711108573
9,27.400000000000002,17.88854381999832,1.3315784806011248,3.037014376737008,7.43635782320705,7.425622498694009,3.8291777574410295,4.397424643623527,2.096462711649683,1.5689789909068763,3.163432665041173,3.0702276500786843,1.9035352379390098,4.516029166146753,2.273396054294822,9.826490994884445,4.338638598113404,1.663657443936813,2.6664819628893466,4.070070929686211,1.9988020142023857,3.9478223012319233,7.423858185071537,3.3988733693487085,2.2721002996785167,3.122048681436761,5.0304127995020105,2.3142379030195133,3.2088449412387816
10,27.599999999999998,17.88854381999832,1.3427588204886236,3.938476286424801,7.397791852463685,7.373246831164895,4.037075699003355,5.002960341180113,2.343586021511585,1.6199147346196472,3.5068674464653067,2.7605533900569865,2.0039506543503816,3.964668736724327,2.433258090313796,7.874724783472069,4.963801312752847,1.533675413019594,2.4589384265362404,4.306966786179085,2.1478371566094925,4.311775203283122,5.990576582024913,3.5281402693477384,2.3468642459317355,3.050125227412757,5.114454547839234,2.8215201843225475,3.168249776989752
11,27.400000000000002,17.88854381999832,1.3315784806011248,3.8499256934127932,8.05632587141203,7.45478059954428,3.575787717223543,4.450275493828534,2.0336537411202387,1.6062015501123195,3.168001561726524,2.5588241125087774,1.8939698313010993,4.08454371475658,2.1180817584406424,9.472830878345405,5.074547895593991,1.4331142774649628,2.4531484564689614,3.9494095967800082,1.9111926944801212,4.173712511301893,6.852094866983966,3.3001813212121025,2.144693725377328,3.1476329414497504,5.27422956883574,2.8994043895729513,3.0634352307454518
12,27.400000000000002,17.88854381999832,1.3315784806011248,3.7970122845270557,8.449832889541844,7.503501104709823,3.3001450731287485,4.120018650614622,1.8484536998623273,1.5980072363953761,2.9655122445270443,2.438280778082035,1.828250787964964,4.156175010629768,1.929748134099475,10.427779211998638,5.1407245187113215,1.3730239686073504,2.449688659722433,3.73575129005198,1.7697857907059265,4.091213146541257,7.366895137925078,3.1639644465241172,2.023886726182109,3.2058986782094503,5.369703136297553,2.9459440982070477,3.000803296232651
13,27.400000000000002,17.88854381999832,1.3315784806011248,3.7623558260190935,8.70756641935198,7.535411355841116,3.119608644664556,3.9037118046782804,1.727154058038307,1.5926402434287021,2.832888723049087,2.359329050042869,1.7852070803958657,4.203091039772052,1.806396103393449,11.053237446488279,5.1840679252609805,1.3336668880580405,2.447422612137955,3.5958124655095776,1.6771691440640037,4.0371789069795145,7.704071566461095,3.074747089995401,1.9447623068100435,3.2440607269409725,5.432235031312909,2.9764260027982488,2.959781538507618
14,27.400000000000002,17.88854381999832,1.3315784806011248,3.7382912611571415,8.886530038609008,7.557569024026797,2.9942487325511036,3.7535138228815157,1.6429266665483482,1.5889135397803629,2.7407983170402472,2.304506974673421,1.7553186227377515,4.235668339212512,1.7207435851738906,11.487539764160465,5.214164486281854,1.3063383305991672,2.4458491262301436,3.4986424987880156,1.612858496168491,3.99965890295484,7.938198317541621,3.012796822846671,1.8898203189636555,3.2705594846473813,5.475655591529474,2.9975918634121452,2.931297071484004
15,27.400000000000002,17.88854381999832,1.3315784806011248,3.720908701764737,9.015800846481916,7.573574174564284,2.903697495483701,3.6450213006115915,1.582086686958432,1.586221629584738,2.674278645435875,2.264907339833112,1.7337292903159984,4.259199902970938,1.658874193659799,11.80124939799352,5.235904138025131,1.2865980911282822,2.444712550006864,3.4284537076178934,1.5664049798460276,3.9725570749307924,8.107315115595263,2.968048280570278,1.8501340677326383,3.289700334785286,5.507019568860687,3.012880601493342,2.9107218837488706
16,27.400000000000002,17.88854381999832,1.3315784806011248,3.7080015832393607,9.111788646748902,7.585458521992096,2.836460242150379,3.5644620565760405,1.5369110134617088,1.584222798275134,2.6248856149686786,2.235503316587322,1.717698505311282,4.276672858228049,1.612934148161415,12.03418905521142,5.252046540039508,1.2719403180801199,2.443868605010284,3.376336235942137,1.5319117255697536,3.952433081756713,8.232889866000818,2.9348210252529925,1.8206657289855543,3.3039130416617213,5.5303083472104495,3.0242329892552795,2.8954441343228976
17,27.400000000000002,17.88854381999832,1.3315784806011248,3.6982278388104786,9.184474136252662,7.594457786563432,2.7855457232445655,3.5034596367842528,1.50270233347698,1.5827092097589897,2.587483397316055,2.21323750971337,1.7055594058428454,4.289904022005193,1.5781466576096228,12.210579523194093,5.264270160009107,1.26084091371751,2.443229538847499,3.3368709712948164,1.50579216595202,3.9371944546545197,8.327979681343525,2.9096601265670574,1.7983512200507024,3.3146754255648183,5.547943465940004,3.032829434420371,2.883875261065525
18,27.599999999999998,17.88854381999832,1.3427588204886236,5.539103532235816,13.064073241492185,8.307543855373627,2.5629787093349834,5.684727764540657,1.190107784424402,1.3222286018595861,2.161985342558547,4.233857952188372,1.898555291216468,3.2664081079896166,1.3949285451342175,9.373096406782059,5.433234777906941,0.8386228853149356,1.7774973175424214,2.8830428908252728,1.182706042452132,3.1456732071864155,7.61219174416402,2.5440569150182126,1.4668580514115404,2.9760081201693667,5.17380848361047,2.340415296375481,2.6262891328922633
19,27.799999999999997,18.335757415498275,1.3209162540254855,5.281705443509231,9.46665563348814,9.344410574053237,2.7778897578521575,5.274826154674579,1.3741017882354056,1.4464015673102941,2.4981803584932125,2.1654446168660644,1.9547696787504614,3.7493960831977216,1.492402145107893,11.108974726059852,6.267279316298644,1.0122241819762707,2.1904057864355906,3.120938810153076,1.32299629422841,3.382532776259043,7.46689852467558,2.4249129124049253,1.7018960269177839,2.9588879035239746,4.950296736831382,2.8314222789120276,2.4341499237850517
20,27.599999999999998,17.88854381999832,1.3427588204886236,5.793193303254609,18.053667254623342,8.009003911964514,2.2964777303970836,6.524697424838505,0.9990603187411456,1.154763591961924,1.794634298801203,5.130904143440072,1.7238952255605362,2.8197093187652027,1.2251789891081313,7.485354878451939,5.154265687182074,0.6523971863538134,1.444285232321908,2.375790480597827,0.9890367068743365,2.745040442276621,7.981988687626992,2.4166207700509186,1.257557261739406,2.8258403613119683,4.763026542677951,1.9442960491997934,2.4393142018781884
21,27.999999999999996,18.335757415498275,1.331823902696216,5.739015554796784,15.299063401675255,9.626821325628818,2.4553032374966226,7.5632807168923915,1.123253885776839,1.2486171695406956,2.0766775646204314,3.3853147491237587,1.813008419191783,2.8031882305898583,1.3624497759621568,8.260671951608904,5.938258062491314,0.6930058028719954,1.6268309283330002,2.6908546294925206,0.9914434054918183,2.8643984983036623,7.641886901681155,1.8122993996147405,1.417681405428019,2.304097147422731,5.015516592139583,2.1863755739694994,2.0606856698556744
22,27.599999999999998,17.88854381999832,1.3427588204886236,5.610784739777642,21.514328467221848,7.7646521018067,2.0459515464729963,6.817272100770808,0.8464991680141997,1.0768123779321137,1.6343670370759904,6.00076964870094,1.5596419186674046,2.564066342242726,1.096170723774053,6.152840002937261,4.861807684212829,0.5396604173521644,1.2218672917514601,2.1765460562824854,0.8421338623584755,2.4422410246591624,8.10570441900274,2.53096226409951,1.1039729965276848,2.752671920971815,4.718294793635127,1.7159188601686828,2.304062233583195
23,27.599999999999998,17.88854381999832,1.3427588204886236,5.486700819569598,22.2873786763488,7.816607673582017,1.9660579753115224,6.870769493889803,0.7974825317127605,1.0594901026441652,1.620089689900119,6.409802216782198,1.5046817748103802,2.4945988074782184,1.0616252790890959,5.732317568421998,4.8161340759146185,0.5062876239087124,1.1530339446726094,2.1623367271557066,0.7972040838094892,2.3375626646496817,8.010844092093715,2.5933343485521205,1.0598048114935779,2.7214230120599026,4.810857015357544,1.6516093382105412,2.271965652581112
24,27.599999999999998,17.88854381999832,1.3427588204886236,5.402819124540343,22.80996662953055,7.851730044147201,1.9120492998946865,6.906934147673659,0.7643469043832596,1.0477801098386486,1.610438092177986,6.686311413745827,1.46752829015218,2.4476382137463246,1.0382722898310586,5.448041132395256,4.785258361513167,0.48372735600933886,1.106502066748134,2.152731110163719,0.7668312041030846,2.266799279226688,7.946717773398938,2.6354983626936854,1.0299467749259474,2.7002985066207517,4.873429797074404,1.6081356012482853,2.2502681142168783
25,27.599999999999998,17.88854381999832,1.3427588204886236,5.343863770912807,23.177261992011918,7.8764154272476015,1.8740898791051581,6.932352088404367,0.7410578825507887,1.0395498664394855,1.603654569782777,6.880652950151021,1.4414153602005915,2.4146324619066983,1.0218588907040207,5.24824047495638,4.763557695349881,0.46787111262422765,1.0737976332357444,2.145979904833692,0.7454839499357337,2.2170639894231225,7.901647275071934,2.665132889788132,1.0089613727609743,2.6854513735491374,4.917408408525802,1.5775805494550856,2.2350182310729547
26,27.799999999999997,18.335757415498275,1.3209162540254855,4.231457084556276,24.800454338732532,8.404217907829445,1.7707767373022467,8.582743677658348,0.8331833898978624,0.8194040169365764,1.2559886532189832,8.728488837584058,1.2570707001374934,2.319193164466039,1.4788512337017385,4.8213995258203,3.6823555506864913,0.3528557546084389,0.8726559028053696,2.0369562283413485,0.6043242865050613,2.237463284740749,6.789572773928628,2.682075401977673,1.1129597655010859,2.6590908284740546,4.438161984531394,1.1520460414359532,2.07625292862186
27,27.799999999999997,18.335757415498275,1.3209162540254855,4.0221825025681985,24.833354191394903,8.571814134139426,1.776044175976365,8.938689789640259,0.8342416363603056,0.7707477258674594,1.175141974674135,9.219459350390306,1.221525343149415,2.3503324206378506,1.633805687729025,4.627880195446951,3.445825741219833,0.3250223999189712,0.8205301828639109,2.0201821035677545,0.5715036199052264,2.2619315290342543,6.5333464274970225,2.670212179798158,1.1461812926450896,2.7135906579511984,4.377765139684364,1.0582283088872146,2.0804612890524257
28,27.799999999999997,18.335757415498275,1.3209162540254855,3.88588277767037,24.854781738039406,8.680968907370628,1.7794748383882921,9.17051611408299,0.8349308681835628,0.7390580719005616,1.1224868459915995,9.539226544249756,1.1983747897814656,2.3706132976054253,1.734726923623862,4.501841804918461,3.2917747922026313,0.30689464378576686,0.7865809033067458,2.009257181055315,0.5501276468366203,2.2778676017969146,6.366467200223287,2.662485709129292,1.1678183446339039,2.749086185855949,4.338428908503567,0.9971251829583349,2.08320217790528
29,27.799999999999997,18.335757415498275,1.3209162540254855,3.792853707105912,24.869406747373134,8.755470650561861,1.781816378958835,9.328745248525108,0.8354012917003316,0.7174288348844219,1.0865479790169221,9.757478230847425,1.18257377136791,2.384455666956794,1.8036090052461908,4.415816434470393,3.1866299240278373,0.29452185062161856,0.763409397084679,2.0018005600820685,0.5355378381743215,2.2887444985673913,6.252566607823503,2.657212137332967,1.1825863482948293,2.7733130577197707,4.311580629616716,0.9554202784326086,2.0850729252064406
30,27.799999999999997,18.335757415498275,1.3209162540254855,3.7273844382150187,24.87969910719993,8.807901300768641,1.7834642396576643,9.440099104758538,0.835732352556095,0.7022072452724589,1.061255978018493,9.911072997182897,1.1714537943866257,2.394197243387184,1.8520848149703357,4.355276024089736,3.1126341546918046,0.28581448938840304,0.7471024345163666,1.99655295822436,0.5252702508429302,2.2963991217410302,6.17240899187176,2.6535008577527863,1.1929793404723543,2.790362734544595,4.292686135895176,0.9260704247589444,2.0863894648358645
31,27.799999999999997,18.335757415498275,1.3209162540254855,3.680366255626483,24.88709078976797,8.84555551512632,1.7846476867394878,9.520070303964175,0.8359701111263054,0.6912755288841828,1.0430919761727506,10.021380426768525,1.1634677405182425,2.4011933688528213,1.8868987744256556,4.3117976086822525,3.059492479943322,0.2795611081109986,0.7353912338799414,1.9927842785601824,0.5178963591824683,2.3018964562327966,6.114842052656939,2.6508355214218002,1.20044329435671,2.8026073316144213,4.279116643356655,0.9049921875592143,2.0873349664693785
32,27.799999999999997,18.335757415498275,1.3209162540254855,3.6461460528384406,24.89247051442975,8.872960548247661,1.7855090088259522,9.578273971212834,0.8361431536821692,0.6833193397881079,1.0298720728846296,10.101663040889989,1.1576554277531181,2.406285203946913,1.9122366477084527,4.280153676266421,3.0208155514388033,0.2750098480740804,0.7268677300223586,1.9900414038838066,0.5125295828830464,2.3058974594776096,6.072944381897153,2.6488956686941254,1.205875618650451,2.811519045588018,4.269240660049037,0.889651280878464,2.0880231099886304
33,27.799999999999997,18.335757415498275,1.3209162540254855,3.6210289773184385,24.89641914534358,8.893075399430758,1.7861412053101977,9.6209945218443,0.8362701641201471,0.6774796256398515,1.0201688776314766,10.16058918151872,1.1533892841661924,2.410022528573124,1.9308342369951719,4.256927541542402,2.9924273113063045,0.27166929679896096,0.7206116160123988,1.988028178222487,0.508590455857807,2.3088341311647462,6.042192169027345,2.6474718481586224,1.209862856843636,2.8180600995459346,4.261991847991779,0.8783913034308621,2.0885281962047664
34,27.799999999999997,18.335757415498275,1.3209162540254855,3.6025023671889222,24.89933169562945,8.90791231805951,1.7866075198610116,9.652505634092906,0.8363638483098103,0.6731721931441215,1.0130117022141962,10.204053701621635,1.150242533306262,2.412779217194063,1.9445520078315701,4.23979570855871,2.9714878569188286,0.26920527223358076,0.715997042747449,1.9865432025174017,0.5056849157367397,2.311000250042028,6.019509024327437,2.6464216236635507,1.21280388425106,2.8228848474119017,4.256645050559889,0.8700858296477885,2.0889007529301984
35,27.799999999999997,18.335757415498275,1.3209162540254855,3.588805028728764,24.901485040832313,8.918881744994234,1.7869522817028562,9.675802846411177,0.8364331121441116,0.6699875651751709,1.0077201646137461,10.236188465547471,1.147916035837111,2.4148173286891663,1.9546940116170166,4.2271295751873,2.956006622526177,0.26738353699922257,0.7125853354023197,1.9854453106367242,0.5035367533816403,2.3126017337025373,6.0027386217484775,2.645645157798097,1.2149782835361134,2.826451943823122,4.252691985558223,0.8639453169105183,2.0891761964964077
36,27.799999999999997,18.335757415498275,1.3209162540254855,3.578674155404546,24.903077705534074,8.926994990865918,1.7872072756607638,9.693034011975955,0.8364843413032144,0.6676321395111235,1.003806419087458,10.25995609190665,1.146195303651246,2.4163247638334164,1.9621952758883898,4.217761405373388,2.944556337860242,0.26603613882086613,0.7100619564967502,1.984633284008399,0.5019479220358524,2.3137862286423845,5.990334838004813,2.6450708654020687,1.216586520331694,2.8290902521326133,4.249768205811466,0.8594036494275996,2.089379921029123
37,27.799999999999997,18.335757415498275,1.3209162540254855,3.571189164694846,24.904254413613895,8.932989298368497,1.7873956727855602,9.705764909899761,0.836522190930554,0.6658918809323654,1.0009148274184194,10.277516321592353,1.144923975502833,2.4174385017796998,1.9677374331719086,4.210839922715381,2.9360965267852124,0.26504064094773067,0.7081976090648175,1.9840333345692411,0.5007740461534964,2.3146613687548605,5.981170553434743,2.644646561088772,1.2177747335378681,2.8310395128284944,4.2476080303220165,0.8560481303298604,2.0895304387767943
38,27.799999999999997,18.335757415498275,1.3209162540254855,3.5656711245046937,24.905121899323422,8.93740838597919,1.78753456178979,9.715150306505436,0.8365500942069833,0.6646089378865708,0.998783105461492,10.290461969344259,1.143986734550921,2.4182595650230962,1.9718231892959588,4.205737308568803,2.929859835341812,0.264306745945556,0.7068231859750895,1.9835910434234363,0.49990864837969595,2.3153065343268637,5.974414514244728,2.6443337579946293,1.2186507009879874,2.832476535168018,4.246015518636851,0.8535743945620715,2.0896414025726355
39,27.799999999999997,18.335757415498275,1.3209162540254855,3.5616155037831456,24.905759479496446,8.94065630420136,1.787636641713846,9.722048336900691,0.8365706024131917,0.6636660070231141,0.9972163434512182,10.299976694766189,1.1432978860295853,2.418863025851374,1.9748261172611188,4.201987015538344,2.9252760240283515,0.2637673515816708,0.7058130195807195,1.9832659705580582,0.49927260278690216,2.3157807147917526,5.969448995402819,2.644103855589672,1.2192945150269725,2.8335327104361685,4.244845062611323,0.851756261004911,2.0897229581710453
40,27.799999999999997,18.335757415498275,1.3209162540254855,3.558645721151947,24.906226356123685,8.94303463585168,1.7877113911064224,9.727099512112533,0.8365856198220611,0.6629755332601616,0.9960690609697447,10.30694397998311,1.142793467467139,2.4193049181311195,1.9770250515121182,4.1992408132012775,2.9219194667568384,0.26337237282916515,0.7050733116990919,1.9830279315954047,0.4988068498766031,2.316127939792651,5.965812927677539,2.643935506472239,1.2197659564861163,2.8343061089322825,4.243987980498903,0.8504249083390739,2.089782678351078
41,27.799999999999997,18.335757415498275,1.3209162540254855,3.556480170022993,24.906566800301846,8.9447689037864,1.7877658980019042,9.730782804642981,0.8365965704439651,0.6624720431322422,0.9952324681339985,10.312024490660471,1.1424256478914245,2.419627143843946,1.9786285037310523,4.197238295741283,2.9194718814311105,0.26308435623346704,0.7045339202899947,1.9828543547353028,0.4984672251073975,2.316381134583676,5.963161524681,2.6438127471101613,1.2201097293176222,2.8348700673744918,4.243363000368486,0.8494540924152919,2.089826226017473
42,27.799999999999997,18.335757415498275,1.3209162540254855,3.5549082868052153,24.906813914527458,8.94602773652661,1.787805462283309,9.733456353023978,0.8366045190435456,0.6621065806539791,0.9946252202971594,10.315712221402414,1.1421586630068359,2.4198610340456406,1.9797923828007973,4.195784751862043,2.917695281356354,0.2628752970026938,0.7041423985695252,1.9827283625341765,0.4982207056565667,2.3165649181192025,5.961236981862269,2.643723641210747,1.2203592596738204,2.835279421279363,4.242909353365971,0.8487494176386309,2.089857835451703
43,27.799999999999997,18.335757415498275,1.3209162540254855,3.5537728841633367,24.90699241006798,8.946937016556285,1.7878340403539452,9.73538751041572,0.8366102604757718,0.661842599806907,0.9941865930566465,10.31837594296873,1.1419658144924707,2.420029977609582,1.9806330758978845,4.1947348280878645,2.91641200764007,0.26272428934497183,0.7038595946113515,1.982637355850984,0.498042639733741,2.3166976686374396,5.959846846147298,2.6436592782399746,1.2205395004337258,2.835575105780472,4.242581675075807,0.8482404169736721,2.08988066757735
44,27.799999999999997,18.335757415498275,1.3209162540254855,3.55295694823603,24.907120682558293,8.947590453686722,1.787854577451276,9.736775300648974,0.8366143864489334,0.6616528948958013,0.9938713817729757,10.320290176779839,1.1418272275052699,2.4201513857501165,1.9812372243087233,4.193980319954197,2.915489806923723,0.2626157705088435,0.7036563628226036,1.9825719555958656,0.497914675980176,2.316793067320871,5.958847851049136,2.64361302499174,1.2206690270933866,2.8357875939311117,4.24234619518552,0.847874633141361,2.0898970754585067
45,27.799999999999997,18.335757415498275,1.3209162540254855,3.552373691853408,24.90721237572461,8.948057550874399,1.7878692580073068,9.737767336278484,0.8366173358228981,0.6615172879240839,0.9936460589419511,10.32165853065518,1.141728161215714,2.4202381720656825,1.9816690883863797,4.193440974069337,2.9148305891642545,0.2625381978690217,0.7035110864179595,1.9825252054590639,0.49782320350848636,2.316861261267409,5.95813373827666,2.6435799617310756,1.2207616167789717,2.835939487071179,4.242177866834735,0.8476131594793789,2.089908804322367
46,27.799999999999997,18.335757415498275,1.3209162540254855,3.551959026633396,24.907277564838896,8.94838963289504,1.787879695125833,9.738472622469645,0.8366194326757408,0.6614208783580035,0.9934858660249348,10.322631359719166,1.1416577301909052,2.4202998726620413,1.9819761214821363,4.19305752694956,2.9143619193212653,0.262483047721133,0.7034078023835465,1.9824919685218605,0.49775817129670386,2.3169097436478623,5.95762604090937,2.64355645545722,1.220827443272239,2.836047475263371,4.242058194054989,0.8474272651851996,2.0899171429399246
47,27.799999999999997,18.335757415498275,1.3209162540254855,3.5516658561408487,24.907323653885726,8.948624416631077,1.7878870742235518,9.738971263518065,0.8366209151617346,0.6613527162874705,0.9933726087896574,10.323319154986505,1.1416079350857522,2.4203434953083405,1.982193195496467,4.1927864278181515,2.9140305672760975,0.26244405627637163,0.7033347800277283,1.9824684698323631,0.49771219318076926,2.3169440209459613,5.957267096199156,2.6435398363979132,1.2208739829493631,2.8361238234834936,4.241973584769982,0.8472958369410253,2.089923038386417
48,27.799999999999997,18.335757415498275,1.3209162540254855,3.551459752040899,24.90735605531001,8.948789473796886,1.7878922618612316,9.73932181709387,0.8366219573759042,0.6613047971327292,0.9932929869275223,10.323802687361452,1.141572928236187,2.4203741628089297,1.9823458024111593,4.192595840279853,2.9137976208617338,0.2624166445932978,0.7032834440054998,1.982451949833345,0.4976798697428962,2.3169681184996134,5.95701475164774,2.6435281529019696,1.2209067011747967,2.8361774976478142,4.241914102929289,0.8472034405346264,2.0899271829907478
49,27.799999999999997,18.335757415498275,1.3209162540254855,3.5513156855969257,24.90737870385497,8.948904848498,1.787895888011868,9.739566853495864,0.8366226858819807,0.6612713017184046,0.9932373313702426,10.324140675736357,1.1415484585030145,2.4203955993439448,1.9824524744061878,4.19246261988824,2.913634791681908,0.2623974838696405,0.7032475602061384,1.982440402379832,0.4976572757103053,2.316984962651981,5.956838363200409,2.6435199861565515,1.2209295711632755,2.8362150158048465,4.241872525215543,0.8471388555908576,2.0899300800627016
50,27.799999999999997,18.335757415498275,1.3209162540254855,3.5512155657784215,24.907394443593862,8.948985028821863,1.7878984080264775,9.739737142977706,0.836623192161543,0.6612480238841609,0.9931986532149418,10.32437556273585,1.1415314531187173,2.4204104967894287,1.9825266067335177,4.19237003759731,2.913521632590298,0.2623841680125813,0.7032226225497331,1.9824323774094228,0.49764157385510643,2.3169966685942627,5.956715781016479,2.6435143106290213,1.2209454647956341,2.8362410892676815,4.241843630540007,0.8470939719061498,2.0899320933998133
51,28.999999999999996,18.78297101099823,1.3533535235248728,0.24759183342911215,0.06231147567422445,6.645149583806386,5.73098893090785,0.0030704743708695093,24.81221878840458,0.6304101059572244,0.004441715845538785,0.015586052651786565,0.9432658025487884,1.240872690233202,0.001779152714101473,0.5533566592370809,0.3473652819607123,0.480181066185488,0.0003751719275110137,39.711050541127015,5.703665724678459,0.09110526308589596,0.18557311235756963,0.3448545629852942,0.0009122603267555705,6.24442210377971,1.7282029004973054,3.962750924040312,0.3084978212672446
52,28.999999999999996,18.78297101099823,1.3533535235248728,0.2706226766857142,0.06644302254373131,7.2029509555960045,5.747261502452669,0.0031008291486231314,23.349851328673576,0.6224518252571645,0.004798579417999032,0.016106128195560093,0.9698363360066667,1.3171245614400038,0.001884987834803478,0.5810098695489333,0.32179653493385846,0.4461920457254318,0.00035173584189494546,40.34750423515308,6.162831694380668,0.08674821652976042,0.1997583328075093,0.3641898679067104,0.0009887080299037384,6.2271330828162625,1.6723961505310383,3.71884198596805,0.29782480657440435
53,28.999999999999996,18.78297101099823,1.3533535235248728,0.2808988801394928,0.06828649026815796,7.451838081414283,5.754522211669766,0.003114373241147882,22.697353051778162,0.6189008952844788,0.004957809483306889,0.016338182317052988,0.9816919248206074,1.3511476205838675,0.0019322107358831968,0.5933485413096066,0.31038793631770367,0.4310263791646966,0.00034127882209468896,40.631485484812536,6.367708383919983,0.08480413240007492,0.20608768035923192,0.3728171476376148,0.001022818467909496,6.219418840877419,1.6474955635070214,3.610011499654564,0.29306258101336874
54,28.999999999999996,18.78297101099823,1.3533535235248728,0.28637054186832717,0.06926806209489884,7.58436038571322,5.758388244969521,0.0031215849213226472,22.34992417243788,0.6170101690332219,0.0050425930376948105,0.016461741728979972,0.988004545223445,1.3692635202400665,0.001957355016231929,0.5999183837967849,0.30431332007363815,0.4229512765564348,0.00033571088299187886,40.78269398729667,6.4767969151391975,0.08376898641665018,0.20945780133075834,0.37741082433347467,0.0010409808932672045,6.215311319790122,1.6342370104180666,3.552063677818381,0.2905268889687729
55,28.999999999999996,18.78297101099823,1.3533535235248728,0.28955312225589147,0.06983899125674904,7.661441701678721,5.760636915001998,0.0031257795797322934,22.147842904943772,0.6159104321372452,0.00509190721147881,0.016533609797692174,0.9916762674321367,1.379800594680373,0.001971980133328549,0.6037397186828387,0.30078003247684404,0.41825441032780925,0.000332472303074854,40.87064409062688,6.540248026916978,0.08316689596070098,0.21141802501402762,0.3800827265970983,0.0010515450292826738,6.212922188900497,1.6265252012603433,3.5183584507013532,0.28905200909315726
56,28.999999999999996,18.78297101099823,1.3533535235248728,0.2914962709620892,0.07018757640687272,7.708504286484322,5.762009857624701,0.0031283406603866875,22.024460647259943,0.6152389793956505,0.005122016356045909,0.016577489394663462,0.993918065404378,1.3862340857701176,0.001980909610012102,0.6060728638152596,0.2986227568117385,0.4153867028628229,0.00033049496342923995,40.9243426963758,6.578988586696573,0.08279928504502289,0.2126148545203258,0.38171407688346776,0.0010579950430233372,6.211463486831178,1.6218166974167871,3.4977794674585527,0.28815150994683625
57,28.999999999999996,18.78297101099823,1.3533535235248728,0.2927155618290417,0.0704063073195123,7.738035212061773,5.7628713544290235,0.0031299476924380536,21.94704049950797,0.6148176548759134,0.005140909302769606,0.01660502305261872,0.9953247533147721,1.3902709857270412,0.0019865126960405635,0.6075368704258509,0.29726910512899657,0.41358726800228085,0.000329254218362704,40.95803760575094,6.603297591236075,0.08256861580666312,0.21336584351137636,0.3827377198494571,0.0010620423106465643,6.210548177516429,1.6188621959341427,3.4848665255724858,0.2875864629273746
58,28.999999999999996,18.78297101099823,1.3533535235248728,0.29349222466336367,0.07054563434571164,7.756845795312067,5.763420109913002,0.0031309713383142674,21.897725481232673,0.614549279950342,0.005152943715516252,0.016622561418078826,0.9962207841545865,1.3928424067451082,0.001990081744898194,0.6084694120813872,0.29640685725927335,0.4124410655522787,0.00032846388965102004,40.97950055977349,6.618781919772368,0.08242168431614592,0.21384420782471839,0.38338975905425016,0.0010646203356516816,6.209965144586437,1.6169802401533588,3.4766412510982074,0.2872265397691236
59,28.999999999999996,18.78297101099823,1.3533535235248728,0.2939906401849565,0.07063504605613002,7.768917296931359,5.763772268196736,0.0031316282527059096,21.86607806684661,0.6143770530552212,0.0051606666782242835,0.01663381648679383,0.9967958028868518,1.3944925901854854,0.001992372145918244,0.6090678612605048,0.2958535184065064,0.41170550171849807,0.000327956704190797,40.99327419351948,6.62871883105855,0.08232739251763535,0.21415119328637489,0.38380819862158133,0.0010662747571339802,6.209590989098281,1.6157725140582728,3.4713627643647444,0.28699556272126525
60,28.999999999999996,18.78297101099823,1.3533535235248728,0.2943113356018214,0.07069257621821964,7.77668446122755,5.763998857343163,0.003132050931024591,21.845715176227145,0.6142662371324952,0.00516563586284592,0.016641058333801053,0.9971657870949266,1.3955543674443955,0.0019938458582688646,0.609452921317134,0.2954974836797214,0.4112322180022301,0.0003276303659337653,41.00213656040925,6.635112536248723,0.08226672236126928,0.21434871689134358,0.3840774351233844,0.0010673392612755048,6.209350246294236,1.614995427056077,3.4679664285163043,0.28684694519745196
61,28.999999999999996,18.78297101099823,1.3533535235248728,0.29451757851848215,0.07072957452814664,7.78167961405602,5.764144579433301,0.0031323227603201474,21.832619566710633,0.6141949701361072,0.005168831602715891,0.016645715649029884,0.9974037282009702,1.3962372086301618,0.00199479361965717,0.6097005578750406,0.2952685136457795,0.4109278437925663,0.00032742049404159396,41.007836050641245,6.639224401705303,0.08222770468485374,0.21447574659696375,0.38425058421901614,0.001068023856150891,6.209195421823853,1.6144956734537381,3.465782205809948,0.2867513675559698
62,28.999999999999996,18.78297101099823,1.3533535235248728,0.2946498782646346,0.07075330803177753,7.784883881440807,5.764238056561368,0.0031324971321113385,21.82421905607588,0.6141492541150002,0.005170881591052033,0.01664870320192383,0.9975563615540978,1.396675234415493,0.0019954015852208656,0.6098594106214988,0.2951216350142241,0.4107325952413629,0.0003272858663971229,41.01149213310505,6.641862062018329,0.08220267580740753,0.21455723302122254,0.3843616550949012,0.0010684630068848767,6.209096105743272,1.61417509383918,3.4643810807954707,0.2866900568554099
63,28.999999999999996,18.78297101099823,1.3533535235248728,0.29473441441884374,0.07076847313361037,7.786931326350153,5.764297786055516,0.003132608551226331,21.818851344624388,0.614120042746706,0.005172191481170124,0.016650612171816032,0.9976538903631297,1.3969551216897562,0.0019957900596672736,0.6099609134638071,0.29502778332509966,0.41060783641065013,0.0003271998427754248,41.01382827629469,6.643547459499866,0.08218668299483609,0.2146093007622985,0.3844326265439405,0.0010687436129725592,6.209032645307805,1.613970251664341,3.463485797745167,0.286650880885781
64,28.999999999999996,18.78297101099823,1.3533535235248728,0.29478817158675535,0.07077811673442534,7.788233311764692,5.764335768484171,0.0031326794034685366,21.815437977071774,0.6141014670207927,0.0051730244500185745,0.01665182609993937,0.9977159096566778,1.3971331040848585,0.0019960370934511053,0.6100254598746122,0.29496810233939286,0.4105285013442061,0.0003271451397158964,41.01531384708844,6.644619216267847,0.08217651304661892,0.21464241102530948,0.3844777578151537,0.0010689220524664504,6.2089922903458685,1.6138399910049672,3.4629164806084467,0.2866259685959193
65,28.999999999999996,18.78297101099823,1.3533535235248728,0.2948221714521924,0.0707842160350912,7.789056780161839,5.764359791279894,0.0031327242154776977,21.81327912008611,0.614089718407427,0.005173551278902252,0.01665259387462779,0.9977551350793902,1.3972456728402214,0.0019961933352275044,0.6100662836264407,0.2949303558292621,0.41047832419224084,0.0003271105416011666,41.01625342796756,6.645297071655477,0.08217008084633165,0.21466335231613065,0.3845063020485623,0.0010690349103236747,6.20896676699096,1.613757604877452,3.4625564038634953,0.28661021228776684
66,28.999999999999996,18.78297101099823,1.3533535235248728,0.2948435504194225,0.07078805124877176,7.789574573501647,5.764374896709162,0.0031327523930737866,21.811921640220888,0.6140823309305379,0.005173882546608616,0.016653076648006238,0.9977797998542641,1.3973164555830677,0.00199629157937567,0.610091953423698,0.29490662098817483,0.41044677301773524,0.0003270887864573881,41.016844232330065,6.645723304169418,0.08216603630681975,0.21467652010854588,0.38452425053814615,0.0010691058748525117,6.208950718016613,1.6137058008394731,3.462329989175328,0.28660030478985965
67,28.999999999999996,18.78297101099823,1.3533535235248728,0.2948569115350833,0.07079044812477697,7.789898176444066,5.76438433708041,0.003132770003097523,21.81107326221968,0.6140777140127938,0.0051740895774764675,0.0166533783646831,0.9977952144861444,1.3973606923510917,0.0019963529785729517,0.6101079961598346,0.2948917875327723,0.4104270546240791,0.0003270751902443851,41.017213464638395,6.645989684760016,0.08216350860940425,0.2146847495237259,0.3845354677238355,0.0010691502252304973,6.208940687962298,1.6136734251060856,3.462188487820124,0.2865941129460712
68,28.999999999999996,18.78297101099823,1.3533535235248728,0.29486520927037824,0.07079193667132734,7.790099145556603,5.764390199891848,0.0031327809395581612,21.81054638884602,0.6140748467401578,0.005174218151121283,0.016653565741634412,0.9978047875291645,1.3973881649814237,0.001996391109691587,0.6101179592782783,0.2948825754213316,0.410414808789588,0.0003270667465051514,41.01744277123485,6.646155116725777,0.08216193881803414,0.21468986028771675,0.3845424340012009,0.0010691777684167178,6.208934458936385,1.6136533186065654,3.4621006103689322,0.2865902675874913
69,28.999999999999996,18.78297101099823,1.3533535235248728,0.29487032933486124,0.070792855169454,7.790223152261891,5.76439381750214,0.0031327876878312366,21.810221285001223,0.6140730775079197,0.005174297486666329,0.016653681361383565,0.9978106945141209,1.397405116792227,0.0019964146382544156,0.6101241069567798,0.29487689114689714,0.41040725257575195,0.0003270615363498719,41.01758426340331,6.646257195461977,0.08216097018831119,0.21469301385194364,0.3845467324980859,0.001069194763763581,6.208930615355792,1.613640912019658,3.462046386149827,0.2865878948335783
70,28.999999999999996,18.78297101099823,1.3533535235248728,0.2948734679911912,0.07079341821899543,7.790299169747961,5.764396035137382,0.0031327918245974977,21.810021992737664,0.61407199294893,0.005174346120235589,0.01665375223757248,0.9978143155614312,1.3974155084403124,0.001996429061524455,0.6101278755519033,0.29487340662360756,0.41040262053284204,0.00032705834246688425,41.01767099967228,6.646319770859726,0.08216037640754506,0.2146949470218003,0.38454936752436375,0.001069205182099754,6.208928259198246,1.6136333066442452,3.4620131461019534,0.2865864403091064
71,28.999999999999996,18.78297101099823,1.3533535235248728,0.29487537928671514,0.07079376108994247,7.790345460856507,5.764397385573961,0.0031327943436954835,21.80990063303108,0.6140713325030179,0.005174375735814188,0.016653795397870513,0.9978165206105949,1.3974218364700117,0.001996437844624154,0.6101301704508135,0.29487128471121393,0.4103997998344446,0.000327056397540898,41.01772381802041,6.646357876362545,0.08216001482271348,0.2146961242322068,0.3845509721326422,0.0010692115263812557,6.20892682440804,1.6136286753248348,3.4619929044609346,0.2865855545714467
72,28.999999999999996,18.78297101099823,1.3533535235248728,0.29487653539122866,0.07079396848573473,7.79037346142411,5.764398202426093,0.003132795867447574,21.809827224966867,0.6140709330124681,0.005174393649686566,0.016653821504673327,0.9978178544008219,1.3974256641688712,0.001996443157345854,0.6101315585893589,0.2948700012087596,0.4103980936502842,0.000327055221093989,41.017755766784944,6.646380925620625,0.082159796107266,0.21469683630328495,0.38455194272816234,0.001069215363910506,6.208925956532081,1.6136258739321632,3.461980660696298,0.28658501880641535
73,28.999999999999996,18.78297101099823,1.3533535235248728,0.29487722997524124,0.07079409308848464,7.790390284078441,5.764398693188324,0.003132796782913113,21.80978312162915,0.6140706929997825,0.005174404412285631,0.016653837189559637,0.997818655737861,1.3974279638384959,0.0019964463492126035,0.6101323925786992,0.2948692300844587,0.41039706858012276,0.00032705451428832825,41.01777496150377,6.6463947735435225,0.08215966470370223,0.2146972641133842,0.384552525858946,0.001069217669486199,6.2089254351148915,1.613624190864119,3.46197330468041,0.28658469692044314
74,28.999999999999996,18.78297101099823,1.3533535235248728,0.29487764443891173,0.07079416743991247,7.790400322286829,5.764398986029957,0.0031327973291785044,21.809756804825287,0.6140705497823505,0.005174410834412014,0.01665384654885302,0.9978191339018911,1.397429336069207,0.001996448253824263,0.6101328902266109,0.2948687699486043,0.41039645691280274,0.00032705409253190555,41.01778641514146,6.6464030367065785,0.08215958629417604,0.2146975193909903,0.38455287381760994,0.0010692190452411072,6.20892512398121,1.6136231865643562,3.4619689152886455,0.2865845048485857
75,28.999999999999996,18.78297101099823,1.3533535235248728,0.2948778900562751,0.07079421150167946,7.790406271079096,5.764399159572283,0.0031327976529035365,21.80974120909412,0.6140704649095605,0.005174414640260058,0.016653852095310107,0.9978194172690392,1.3974301492736283,0.001996449382525588,0.6101331851401983,0.29486849726522213,0.41039609442961006,0.00032705384259274807,41.01779320273826,6.646407933580462,0.08215953982751932,0.2146976706723137,0.38455308002311284,0.0010692198605340203,6.20892493959874,1.6136225914013111,3.4619663140695054,0.28658439102393324
76,28.999999999999996,18.78297101099823,1.3533535235248728,0.2948780346069784,0.07079423743290564,7.790409772061656,5.764399261705395,0.003132797843422157,21.809732030696164,0.6140704149602356,0.005174416880077325,0.016653855359510413,0.9978195840362417,1.3974306278606035,0.001996450046788766,0.6101333587027099,0.2948683367856286,0.41039588110104214,0.0003270536954985831,41.01779719737399,6.6464108154881325,0.0821595124809677,0.21469775970438124,0.38455320137915233,0.0010692203403501143,6.20892483108599,1.613622241136023,3.4619647832003086,0.2865843240358615
77,28.999999999999996,18.78297101099823,1.3533535235248728,0.2948781190858047,0.0707942525877233,7.790411818118097,5.764399321394383,0.003132797954765713,21.809726666624805,0.6140703857686769,0.005174418189079145,0.01665385726718574,0.9978196814989118,1.397430907558073,0.001996450434999769,0.6101334601367184,0.2948682429975847,0.4103957564268162,0.0003270536095332981,41.01779953193292,6.646412499742666,0.0821594964990006,0.21469781173681274,0.3845532723024723,0.0010692206207659097,6.20892476766859,1.6136220364327614,3.4619638885243913,0.28658428488645893
78,28.999999999999996,18.78297101099823,1.3533535235248728,0.29487816811108786,0.0707942613824623,7.790413005498424,5.764399356033472,0.003132798019381306,21.809723553713216,0.6140703688280481,0.005174418948727305,0.016653858374259874,0.9978197380590609,1.3974310698738657,0.001996450660288818,0.6101335190015394,0.2948681885699178,0.4103956840750861,0.00032705355964538375,41.01780088673884,6.646413477159838,0.08215948722424506,0.21469784193260028,0.3845533134611389,0.001069220783498566,6.208924730865806,1.6136219176380782,3.461963369320443,0.28658426216703164
79,28.999999999999996,18.78297101099823,1.3533535235248728,0.294878196360858,0.07079426645024241,7.790413689700924,5.764399375993506,0.003132798056614658,21.80972175996454,0.6140703590663734,0.005174419386458298,0.016653859012187647,0.9978197706506363,1.397431163404867,0.00199645079010681,0.6101335529211326,0.29486815720713977,0.4103956423839503,0.00032705353089854095,41.01780166741674,6.646414040375564,0.08215948187986569,0.21469785933227659,0.3845533371779396,0.001069220877269776,6.20892470965899,1.6136218491851848,3.4619630701402797,0.28658424907544794
80,28.999999999999996,18.78297101099823,1.3533535235248728,0.2948782125234166,0.0707942693496746,7.790414081154129,5.764399387413252,0.0031327980779169984,21.809720733705984,0.6140703534814203,0.0051744196368976045,0.01665385937716566,0.9978197892972746,1.3974312169168173,0.001996450864379659,0.6101335723275707,0.29486813926353383,0.41039561853117457,0.0003270535144515917,41.017802114066484,6.646414362608528,0.08215947882218255,0.21469786928716422,0.38455335074704766,0.001069220930919157,6.20892469752592,1.6136218100211879,3.461962898970145,0.2865842415853519
81,28.999999999999996,18.78297101099823,1.3533535235248728,0.2948782217042751,0.0707942709966463,7.790414303512266,5.764399393900037,0.0031327980900174197,21.809720150757776,0.6140703503089853,0.005174419779155268,0.016653859584485026,0.9978197998891708,1.3974312473133437,0.0019964509065690506,0.610133583351058,0.2948681290709826,0.4103956049820228,0.00032705350510919004,41.01780236777804,6.646414545647322,0.08215947708531918,0.21469787494186382,0.38455335845474187,0.0010692209613937485,6.208924690633942,1.6136217877747647,3.461962801739947,0.28658423733073396
82,28.999999999999996,18.78297101099823,1.3533535235248728,0.29487822688167586,0.07079427192543009,7.790414428907641,5.76439939755816,0.003132798096841263,21.809719822013314,0.6140703485199408,0.005174419859379239,0.01665385970139953,0.9978198058623042,1.3974312644549867,0.0019964509303610945,0.6101335895675803,0.29486812332305384,0.4103955973411922,0.0003270534998406898,41.01780251085469,6.646414648869173,0.08215947610584244,0.21469787813074276,0.3845533628013748,0.001069220978579415,6.208924686747321,1.6136217752292452,3.461962746908508,0.2865842349314093
83,28.999999999999996,18.78297101099823,1.3533535235248728,0.2948782297801709,0.07079427244539664,7.790414499108481,5.764399399606107,0.0031327981006614943,21.80971963797034,0.6140703475183691,0.005174419904291503,0.016653859766852467,0.997819809206279,1.3974312740514947,0.0019964509436807363,0.6101335930478131,0.2948681201051565,0.4103955930635802,0.0003270534968911938,41.01780259095415,6.646414706656476,0.08215947555749611,0.21469787991599182,0.38455336523477623,0.0010692209882005692,6.208924684571449,1.6136217682058112,3.4619627162118958,0.2865842335881809
84,28.999999999999996,18.78297101099823,1.3533535235248728,0.29487823139097386,0.07079427273436166,7.790414538121733,5.764399400744229,0.0031327981027845417,21.80971953569073,0.6140703469617581,0.005174419929250941,0.016653859803227138,0.997819811064652,1.3974312793846362,0.0019964509510829627,0.6101335949819096,0.2948681183168499,0.4103955906863503,0.00032705349525204787,41.01780263546843,6.646414738771058,0.08215947525275942,0.21469788090812203,0.38455336658710915,0.0010692209935474072,6.208924683362237,1.6136217643026256,3.4619626991526333,0.28658423284169837
85,28.999999999999996,18.78297101099823,1.3533535235248728,0.294878232279556,0.07079427289376611,7.790414559642975,5.764399401372062,0.003132798103955698,21.809719479269273,0.6140703466547096,0.005174419943019547,0.01665385982329283,0.9978198120898035,1.3974312823266062,0.001996450955166322,0.6101335960488332,0.29486811733034957,0.4103955893749767,0.00032705349434783047,41.01780266002426,6.646414756486721,0.08215947508465467,0.21469788145542004,0.384553367333109,0.001069220996496933,6.208924682695186,1.6136217621494742,3.461962689742073,0.2865842324299092
86,28.999999999999996,18.78297101099823,1.3533535235248728,0.2948782327660912,0.07079427298104658,7.790414571426737,5.764399401715827,0.0031327981045969544,21.809719448376214,0.614070346486588,0.005174419950558424,0.01665385983427962,0.997819812651116,1.3974312839374554,0.0019964509574021284,0.6101335966330176,0.29486811679020025,0.410395588656946,0.0003270534938527344,41.01780267346958,6.6464147661867745,0.08215947499261045,0.2146978817550881,0.38455336774157456,0.0010692209981119194,6.2089246823299495,1.6136217609705361,3.461962684589406,0.2865842322044378
87,28.999999999999996,18.78297101099823,1.3533535235248728,0.2948782330304951,0.0707942730284785,7.790414577830535,5.764399401902642,0.0031327981049454395,21.809719431587606,0.6140703463952234,0.00517441995465537,0.01665385984025031,0.9978198129561571,1.3974312848128594,0.001996450958617161,0.6101335969504882,0.29486811649666006,0.41039558826673744,0.0003270534935836781,41.01780268077634,6.646414771458196,0.08215947494258967,0.2146978819179405,0.3845533679635521,0.0010692209989895715,6.208924682131464,1.6136217603298506,3.4619626817892266,0.28658423208190703
88,28.999999999999996,18.78297101099823,1.3533535235248728,0.29487823317309997,0.07079427305406065,7.790414581284388,5.764399402003401,0.003132798105133394,21.809719422532776,0.6140703463459466,0.0051744199568650355,0.016653859843470568,0.9978198131206792,1.397431285285004,0.0019964509592724825,0.6101335971217143,0.2948681163383409,0.4103955880562808,0.0003270534934385642,41.01780268471721,6.6464147743013084,0.08215947491561128,0.21469788200577403,0.38455336808327456,0.0010692209994629285,6.208924682024413,1.613621759984301,3.4619626802789667,0.2865842320158208
89,28.999999999999996,18.78297101099823,1.3533535235248728,0.29487823324942847,0.07079427306775338,7.790414583133047,5.764399402057331,0.003132798105233994,21.809719417686203,0.6140703463195711,0.0051744199580477475,0.016653859845194192,0.9978198132087387,1.3974312855377167,0.0019964509596232393,0.6101335972133621,0.29486811625360115,0.4103955879436345,0.00032705349336089245,41.01780268682653,6.646414775823072,0.08215947490117116,0.2146978820527865,0.38455336814735536,0.0010692209997162905,6.208924681967112,1.613621759799346,3.4619626794706053,0.2865842319804483
90,28.999999999999996,18.78297101099823,1.3533535235248728,0.2948782332899702,0.07079427307502624,7.790414584114959,5.764399402085975,0.003132798105287428,21.809719415111964,0.614070346305562,0.005174419958675943,0.016653859846109693,0.9978198132555115,1.3974312856719446,0.0019964509598095433,0.6101335972620409,0.2948681162085919,0.41039558788380287,0.00032705349331963737,41.01780268794689,6.646414776631353,0.08215947489350135,0.2146978820777571,0.38455336818139174,0.0010692209998508632,6.2089246819366775,1.6136217597011084,3.4619626790412465,0.2865842319616604
91,28.999999999999996,18.78297101099823,1.3533535235248728,0.29487823331133767,0.0707942730788594,7.790414584632474,5.764399402101073,0.00313279810531559,21.80971941375521,0.6140703462981785,0.005174419959007033,0.016653859846592206,0.9978198132801631,1.3974312857426894,0.0019964509599077348,0.6101335972876969,0.2948681161848698,0.4103955878522687,0.00032705349329789385,41.01780268853738,6.646414777057356,0.08215947488945899,0.21469788209091786,0.38455336819933056,0.0010692209999217897,6.208924681920637,1.613621759649332,3.4619626788149533,0.28658423195175814
92,28.999999999999996,18.78297101099823,1.3533535235248728,0.29487823332251184,0.07079427308086396,7.79041458490311,5.764399402108968,0.003132798105330318,21.8097194130457,0.6140703462943172,0.005174419959180177,0.01665385984684454,0.9978198132930547,1.3974312857796856,0.001996450959959084,0.6101335973011137,0.29486811617246433,0.41039558783577784,0.0003270534932865231,41.017802688846174,6.646414777280135,0.08215947488734501,0.21469788209780025,0.3845533682087117,0.0010692209999588807,6.208924681912249,1.613621759622256,3.4619626786966133,0.2865842319465798
93,28.999999999999996,18.78297101099823,1.3533535235248728,0.29487823332830965,0.07079427308190403,7.790414585043531,5.764399402113066,0.00313279810533796,21.80971941267757,0.614070346292314,0.005174419959270014,0.016653859846975465,0.9978198132997437,1.3974312857988815,0.0019964509599857266,0.6101335973080751,0.29486811616602776,0.4103955878272216,0.0003270534932806234,41.0178026890064,6.646414777395727,0.0821594748862482,0.21469788210137122,0.38455336821357916,0.0010692209999781258,6.208924681907898,1.6136217596082076,3.461962678635213,0.28658423194389304
94,30.0,19.23018460649819,1.3738817666405685,4.440169687182224,0.03751743968227204,16.64534811706407,0.21651736623461768,4.488405092991927e-05,17.943143112213413,0.031991684632625056,0.005648881957415216,0.0002757460511015077,1.2695583216365158,14.950727003959486,0.07583861112841903,0.05014720448233543,0.0031153546265258658,0.1886544669236622,3.5572231201471255e-05,6.283678306834021,0.4263419516055575,1.8943580256522794,15.046867464424214,0.06402664180091364,10.221497334619462,0.15598464847954832,1.0043859510197584,9.041384721210992,0.0027415002964557423
95,33.199999999999996,21.01903898849802,1.4091985849690163,8.001521570455656,0.013650175342058883,30.151664037547572,0.15900363215993996,5.1871052650282136e-05,7.693386592595829,0.0857429456048139,0.006352642729216557,0.0004146671566643542,1.2462701049838791,20.692884954153698,0.06823463242365584,0.027113637255192773,0.018108289497428813,0.15239235859547748,7.109010034789788e-05,9.223416637232402,0.9611077446391763,1.5686739505301412,8.531724069572412,0.041269506117576266,4.54158346198622,1.8004367788743696,1.3822279503462291,3.6210952747548264,0.011601424292557233
96,33.4,21.46625258399798,1.3891572310217442,8.281862526356491,0.013782499570441425,31.244091582751132,0.15396055731192643,4.663709784047624e-05,6.318693961611382,0.07291732738379424,0.006055665154952603,0.0004143793883282334,1.2657476352025034,21.46914881773745,0.07070508123743507,0.024195908019343074,0.015520028064451366,0.11829080012982932,5.9423523141286025e-05,8.238712070468813,0.7933295497708709,1.6277382371913705,8.851441903633726,0.03908453192071487,4.712891272153576,1.6301035451836237,1.4295628611445788,3.611612733794852,0.010030464197394959
97,33.4,21.46625258399798,1.3891572310217442,8.365767370359386,0.013822103643647797,31.57105045492246,0.15245118667053095,4.5070597646368735e-05,5.907254361628447,0.06907867493782076,0.005966781042529916,0.0004142932605012324,1.271577176338596,21.701481257961127,0.07144447595652349,0.02332264419105236,0.014745372534456349,0.10808435015136886,5.593176669270381e-05,7.943994223061392,0.7431142566743769,1.6454159245008395,8.947132078141607,0.03843057852832207,4.764162963948953,1.5791235399417736,1.4437299966373727,3.6087746500141904,0.00956028258837604
98,33.4,21.46625258399798,1.3891572310217442,8.399645045064277,0.013838094304556816,31.703064362402188,0.1518417585951203,4.443810276920413e-05,5.741130258847771,0.06752876896498623,0.005930892923281578,0.0004142584852681589,1.2739309295769727,21.795288509816814,0.07174301621447249,0.02297005253489765,0.014432595264378676,0.1039633629024071,5.45219245015938e-05,7.8249980496837175,0.7228391773872355,1.6525535212310636,8.985768233693253,0.03816653631999758,4.784864577983936,1.5585396981557427,1.4494501623015679,3.6076287366852395,0.009370440633577615
99,33.4,21.46625258399798,1.3891572310217442,8.414857650240707,0.013845274833121368,31.762344565951604,0.15156809787975503,4.41540840186188e-05,5.666533037878351,0.06683279122062481,0.005914777537753932,0.00041424286961875943,1.2749878710291265,21.837412200347455,0.0718770742663609,0.02281172296534162,0.014292144151387565,0.10211285360678235,5.3888841717688004e-05,7.771563396364993,0.7137347515728056,1.6557586243531441,9.003117611567097,0.03804796944962815,4.794160537153872,1.5492966240418116,1.452018774892343,3.6071141698741584,0.009285193026431398
100,33.4,21.46625258399798,1.3891572310217442,8.42198299048212,0.013848638077519165,31.790110462388867,0.1514399195904303,4.402105419174879e-05,5.631592896179629,0.06650680640924539,0.005907229349677375,0.0004142355554990689,1.2754829254510678,21.85714226129189,0.07193986490745935,0.022737563934703553,0.014226359103018747,0.10124610473646672,5.3592315896896936e-05,7.746535461888134,0.7094703845641191,1.6572598432429246,9.011243781864312,0.0379924346294613,4.798514615313915,1.5449673163936761,1.453221871827114,3.6068731550339392,0.009245264414688785
101,33.599999999999994,21.46625258399798,1.3984741809279937,8.425371678794217,0.01385023757825814,31.803315441455698,0.15137896021779942,4.395778751195521e-05,5.614975970420895,0.06635177368339458,0.005903639562264304,0.00041423207703052335,1.2757183647531434,21.866525536287078,0.07196972704798746,0.022702295185163906,0.014195072874296345,0.10083389399749226,5.345129335634402e-05,7.734632610071378,0.7074423255309777,1.657973796925604,9.015108447603113,0.03796602323159998,4.800585339415643,1.5429083727180588,1.4537940438754726,3.606758532553552,0.009226275059044574
102,33.599999999999994,21.46625258399798,1.3984741809279937,8.426987899457268,0.013851000453420092,31.809613500780532,0.1513498859009609,4.3927612734652663e-05,5.607050597446393,0.06627783147570458,0.005901927428229353,0.0004142304179895548,1.2758306565397766,21.871000849900366,0.07198396967053616,0.022685473903146732,0.014180151038862358,0.10063729181620429,5.338403324771012e-05,7.728955594871471,0.7064750512899223,1.6583143141370247,9.016951683701441,0.03795342642627819,4.80157296258203,1.5419263681764432,1.4540669389316736,3.606703863842773,0.00921721816559683
103,33.599999999999994,21.46625258399798,1.3984741809279937,8.427756379703526,0.013851363185134712,31.812608100646468,0.15133606165116953,4.391326523816135e-05,5.603282242843343,0.06624267345101545,0.005901113343114064,0.0004142296291491189,1.275884049013847,21.873128771035297,0.0719907417495807,0.022677475723663878,0.014173056007824128,0.10054381145418101,5.3352052426014085e-05,7.726256288929785,0.7060151319460101,1.6584762231859993,9.017828105197054,0.037947436900047586,4.802042557428492,1.5414594448724523,1.454196695013121,3.6066778699761652,0.009212911795887426
104,33.599999999999994,21.46625258399798,1.3984741809279937,8.428119596222633,0.013851534627603666,31.81402347618113,0.15132952772149108,4.390648399979023e-05,5.601501157840418,0.06622605627001671,0.005900728571790058,0.0004142292563095067,1.2759092845728264,21.874134517261467,0.07199394252278164,0.02267369544313612,0.01416970259374594,0.10049962865070143,5.333693692657092e-05,7.724980481889984,0.7057977544610635,1.65855274830355,9.018242339351358,0.037944605994661124,4.802264507968344,1.5412387570174453,1.4542580232677715,3.6066655841668793,0.009210876422013571
105,33.599999999999994,21.46625258399798,1.3984741809279937,8.428289997097016,0.013851615058820519,31.81468749121349,0.15132646236715872,4.390330262205244e-05,5.600665572381347,0.0662182604181677,0.005900548058606869,0.000414229081394015,1.2759211236855572,21.87460635713475,0.07199544414653347,0.02267192194696102,0.014168129359432374,0.10047890055065688,5.332984557971181e-05,7.724381944588682,0.7056957731040523,1.6585886496083009,9.018436674846523,0.037943277892199374,4.802368634746921,1.5411352226199655,1.4542867950544804,3.6066598203523625,0.00920992153843981
106,33.599999999999994,21.46625258399798,1.3984741809279937,8.428369289504747,0.013851652485769554,31.81499647642777,0.15132503596998528,4.3901822235865175e-05,5.60027675053313,0.06621463278500168,0.005900464060652195,0.0004142290000008265,1.2759266327638248,21.87482591774294,0.07199614289507696,0.022671096688391564,0.014167397288443297,0.10046925517198035,5.332654577289711e-05,7.724103428038168,0.7056483182575296,1.6586053555137412,9.018527104718874,0.03794265988808239,4.80241708791955,1.541087045099228,1.454300183390961,3.6066571382843713,0.009209477203761706
107,33.599999999999994,21.46625258399798,1.3984741809279937,8.428405872057315,0.01385166975316463,31.815139030654173,0.15132437788365566,4.390113924102291e-05,5.600097362668546,0.06621295913067869,0.005900425307136191,0.0004142289624490523,1.27592917444658,21.87492721479925,0.07199646527153211,0.022670715944940082,0.01416705953825756,0.1004648051548534,5.332502336539674e-05,7.72397493091416,0.705626424365453,1.6586130629939584,9.018568825681243,0.037942374764087024,4.802439442401972,1.5410648177922863,1.4543063602688882,3.606655900878471,0.009209272204352772
108,33.599999999999994,21.46625258399798,1.3984741809279937,8.428422602195328,0.01385167764998654,31.81520422435212,0.15132407692392622,4.3900826889992896e-05,5.600015324004698,0.0662121937257015,0.005900407584161007,0.0004142289452756644,1.2759303368231854,21.874973540536885,0.07199661270253975,0.022670541821210467,0.014166905076449248,0.10046277004807493,5.332432712946434e-05,7.723916165889076,0.7056164117279954,1.6586165878220176,9.018587905745632,0.03794224436958311,4.802449665679187,1.5410546526756734,1.4543091851133279,3.606655334981067,0.009209178452873888
109,33.599999999999994,21.46625258399798,1.3984741809279937,8.428430185221329,0.013851681229263998,31.81523377375012,0.15132394051229273,4.390068531519051e-05,5.599978139534322,0.0662118468017346,0.005900399551126155,0.0004142289374917329,1.2759308636767002,21.874994537929304,0.07199667952644542,0.02267046289868343,0.014166835065794933,0.10046184762486413,5.332401155674302e-05,7.723889530321992,0.7056118734456359,1.658618185469497,9.018596553888537,0.037942185267565334,4.802454299435159,1.5410500452813078,1.4543104654894268,3.606655078484991,0.009209135959506422
110,33.599999999999994,21.46625258399798,1.3984741809279937,8.428433591288462,0.013851682836967747,31.81524704645065,0.15132387924029125,4.3900621724048854e-05,5.599961437389003,0.06621169097392661,0.005900395942928593,0.00041422893399542516,1.2759311003234484,21.875003969326237,0.07199670954173334,0.02267042744905884,0.014166803619115433,0.10046143330011087,5.332386981097128e-05,7.723877566426646,0.7056098349857439,1.658618903084677,9.018600438374138,0.03794215872071717,4.802456380778929,1.5410479757783822,1.454311040595848,3.6066549632746727,0.00920911687276426
111,33.599999999999994,21.46625258399798,1.3984741809279937,8.428435107251776,0.013851683552520262,31.815252953828967,0.1513238519695115,4.390059342107237e-05,5.59995400364251,0.06621162161849957,0.005900394337001602,0.00041422893243929775,1.2759312056495542,21.87500816702734,0.07199672290085798,0.022670411671234045,0.014166789622910816,0.10046124889354978,5.3323806723139534e-05,7.72387224156787,0.7056089277134274,1.6586192224789358,9.018602167270673,0.03794214690531648,4.802457307137886,1.5410470546895148,1.4543112965626868,3.6066549119971696,0.009209108377687736
112,33.599999999999994,21.46625258399798,1.3984741809279937,8.428435775763669,0.013851683868065743,31.81525555887396,0.15132383994360019,4.3900580939981264e-05,5.599950725497283,0.06621159103403422,0.0059003936288173926,0.00041422893175307443,1.275931252096427,21.875010018136187,0.07199672879198582,0.022670404713504046,0.014166783450842478,0.10046116757365425,5.332377890256823e-05,7.723869893403269,0.7056085276230536,1.6586193633259194,9.018602929682192,0.0379421416949425,4.80245771564512,1.541046648506297,1.4543114094393468,3.6066548893847368,0.009209104631515523
113,33.599999999999994,21.46625258399798,1.3984741809279937,8.428436067826054,0.013851684005922621,31.81525669697736,0.15132383468966756,4.390057548718773e-05,5.599949293326898,0.06621157767215959,0.005900393319422784,0.000414228931453274,1.2759312723883385,21.875010826856684,0.0719967313657274,0.022670401673780614,0.014166780754362344,0.10046113204626365,5.332376674819569e-05,7.723868867526876,0.7056083528298261,1.6586194248597628,9.018603262767858,0.03794213941861157,4.8024578941155385,1.5410464710512006,1.4543114587533934,3.606654879505717,0.009209102994871467
114,33.599999999999994,21.46625258399798,1.3984741809279937,8.42843619422671,0.013851684065585217,31.815257189533153,0.15132383241583644,4.39005731272923e-05,5.599948673502888,0.0662115718893206,0.005900393185520973,0.0004142289313235245,1.275931281170404,21.875011176860003,0.07199673247960803,0.022670400358229342,0.014166779587362137,0.10046111667048853,5.33237614879473e-05,7.723868423541419,0.7056082771816764,1.65861945149078,9.01860340692284,0.03794213843344627,4.802457971355127,1.5410463942510304,1.4543114800958474,3.6066548752302108,0.00920910228655401
115,33.599999999999994,21.46625258399798,1.3984741809279937,8.428436248413206,0.013851684091161883,31.815257400686097,0.15132383144107153,4.390057211563261e-05,5.5999484077915485,0.06621156941028486,0.0059003931281188275,0.00041422893126790236,1.2759312849351736,21.875011326902357,0.07199673295711571,0.02267039979426783,0.014166779087082734,0.10046111007907271,5.3323759232940065e-05,7.723868233210022,0.7056082447521953,1.6586194629071873,9.018603468720404,0.037942138011117385,4.802458004466841,1.5410463613276917,1.4543114892451094,3.606654873397351,0.009209101982906562
116,33.599999999999994,21.46625258399798,1.3984741809279937,8.428436271420253,0.01385168410202148,31.815257490339537,0.15132383102719596,4.3900571686091915e-05,5.599948294973146,0.06621156835771082,0.005900393103746444,0.0004142289312442857,1.2759312865336574,21.87501139060885,0.07199673315986073,0.02267039955481535,0.014166778874669054,0.10046110728042285,5.332375827548632e-05,7.723868152397197,0.7056082309829588,1.6586194677544808,9.018603494959034,0.03794213783180071,4.802458018525746,1.5410463473487679,1.4543114931297954,3.6066548726191368,0.00920910185398086
117,33.599999999999994,21.46625258399798,1.3984741809279937,8.42843628109453,0.013851684106587854,31.81525752803808,0.15132383085316475,4.39005715054736e-05,5.599948247533937,0.06621156791511211,0.0059003930934980586,0.00041422893123435525,1.2759312872058068,21.875011417396912,0.07199673324511337,0.022670399454127563,0.014166778785350853,0.10046110610361361,5.332375787288491e-05,7.72386811841607,0.7056082251931083,1.6586194697927281,9.018603505992166,0.03794213775639954,4.802458024437401,1.5410463414707458,1.4543114947632738,3.6066548722919056,0.009209101799768667
118,33.599999999999994,21.46625258399798,1.3984741809279937,8.428436285122833,0.013851684108489259,31.815257543735502,0.15132383078069928,4.3900571430265305e-05,5.59994822778056,0.0662115677308169,0.005900393089230697,0.0004142289312302202,1.2759312874856852,21.87501142855128,0.07199673328061199,0.02267039941220182,0.014166778748159336,0.10046110561359796,5.332375770524431e-05,7.72386810426655,0.7056082227822524,1.6586194706414406,9.018603510586287,0.037942137725002975,4.802458026898973,1.5410463390231757,1.4543114954434433,3.606654872155648,0.009209101777195064
119,33.599999999999994,21.46625258399798,1.3984741809279937,8.428436286783684,0.013851684109273205,31.81525755020748,0.15132383075082215,4.390057139925732e-05,5.599948219636343,0.06621156765483292,0.0059003930874712875,0.00041422893122851546,1.2759312876010782,21.875011433150178,0.07199673329524792,0.022670399394916052,0.014166778732825461,0.10046110541156696,5.3323757636126936e-05,7.723868098432775,0.7056082217882685,1.6586194709913609,9.018603512480423,0.037942137712058344,4.80245802791387,1.541046338014055,1.4543114957238745,3.6066548720994707,0.009209101767888082
120,33.599999999999994,21.46625258399798,1.3984741809279937,8.428436287461635,0.0138516841095932,31.815257552849307,0.15132383073862635,4.3900571386599944e-05,5.599948216311898,0.06621156762381647,0.0059003930867531,0.00041422893122781946,1.2759312876481805,21.875011435027425,0.07199673330122222,0.02267039938786005,0.014166778726566222,0.10046110532909852,5.3323757607913434e-05,7.723868096051444,0.7056082213825274,1.6586194711341966,9.0186035132536,0.037942137706774376,4.802458028328145,1.541046337602135,1.4543114958383447,3.6066548720765375,0.009209101764089
121,33.599999999999994,21.46625258399798,1.3984741809279937,8.428436287735595,0.013851684109722514,31.81525755391687,0.15132383073369804,4.390057138148511e-05,5.599948214968496,0.06621156761128279,0.005900393086462881,0.00041422893122753827,1.2759312876672146,21.875011435786014,0.07199673330363644,0.022670399385008734,0.014166778724036874,0.10046110529577316,5.3323757596512404e-05,7.723868095089152,0.705608221218568,1.6586194711919164,9.018603513566042,0.03794213770463913,4.802458028495553,1.5410463374356786,1.4543114958846022,3.6066548720672706,0.009209101762553797
