,Returns,Semi Deviation,Sortino Ratio,ADANIPORTS Weight,ASIANPAINT Weight,BAJFINANCE Weight,BAJAJFINSV Weight,BRITANNIA Weight,DIVISLAB Weight,GRASIM Weight,HCLTECH Weight,HDFCBANK Weight,HINDALCO Weight,HINDUNILVR Weight,ICICIBANK Weight,INFY Weight,JSWSTEEL Weight,KOTAKBANK Weight,LT Weight,NESTLEIND Weight,POWERGRID Weight,RELIANCE Weight,TCS Weight,TATACONSUM Weight,TATASTEEL Weight,TECHM Weight,TITAN Weight,ULTRACEMCO Weight,WIPRO Weight
0,26.200000000000003,11.180339887498949,2.02319430604181,2.3834043934703835,4.812274233975198,2.476796446315059,2.9446278298292654,1.6692252821167728,6.4769321917885705,2.921142858171229,3.8919512856389096,2.0553060601099653,5.097138446837732,3.4604188114955114,5.341024683188408,5.165931748371322,2.322384435733139,5.393315981123104,2.654382664098278,5.319267052486072,5.486141115158389,4.483794481019196,3.9342833942927724,3.6243913204148965,5.968754049347599,1.5515959921319327,5.1798312756184695,1.2326926642691072,4.152991302998751
1,26.0,11.180339887498949,2.0053057622218113,2.0076897229265795,4.700917890568566,3.9773086900743007,3.6211474075375505,3.1253707617460464,3.0684908974226395,3.91540887871376,5.2629445692478996,1.1578305342623616,2.418083173202359,5.356200306451776,2.5117254258796824,4.4369465818643565,2.0828583660378435,4.950647741275527,2.428396835395638,5.8845788571238415,4.30062760048843,3.421530967076652,4.5985431996625765,4.982010738865462,6.0305218734884125,2.287582109676035,4.516955501846843,5.092220618869978,3.863460750294861
2,26.0,11.180339887498949,2.0053057622218113,2.30931944234975,4.546961163454874,3.728565445554049,3.7231479868725805,2.985223845562313,3.3701650566067545,3.5245960173902344,5.330577089714629,1.156799353988756,2.2050567558957783,5.156297358552614,2.6282434387816975,5.115711609543759,2.212569237725425,4.894560123519034,2.1865456416860414,6.225799334551646,4.039242951420379,3.6030511731923864,4.396938850465619,4.8320431626127665,6.110569001902265,2.126631748397136,4.487782316251039,5.155146554824412,3.9484553391840462
3,26.0,11.180339887498949,2.0053057622218113,2.4732370793076615,4.463294928739969,3.5933884314024676,3.7785791756987686,2.9090624136858123,3.5341068439057364,3.312212699050712,5.3673313026536436,1.1562389694416026,2.089289692221542,5.0476621123201975,2.6915639808504794,5.484579636207884,2.2830593061956,4.864079871828901,2.0551140432210744,6.411232170707774,3.8971960931258964,3.7016965033127263,4.287378994812139,4.750544791806806,6.1540698086528645,2.0391648935434015,4.4719284419891006,5.189343021753272,3.9946447935639653
4,26.0,11.180339887498949,2.0053057622218113,2.575226158437033,4.411238039736705,3.5092816845713255,3.8130683008981565,2.861674991280172,3.6361109493074,3.1800684132869415,5.390199667530921,1.155890299798828,2.017259760380353,4.98006957664277,2.7309618387956003,5.714088254425718,2.326918022709953,4.845115147475862,1.9733376831861535,6.526607944485964,3.8088149491590957,3.763073342108722,4.21921116982992,4.699836741451137,6.181135884666499,1.984743269693581,4.46206420732457,5.210619964468399,4.023383738348203
5,26.200000000000003,11.180339887498949,2.02319430604181,2.6440741330176274,4.3760969108880445,3.452505221666493,3.8363502682941206,2.829685997153803,3.704969067409454,3.090864093521545,5.405637012560514,1.1556549295130323,1.9686357806486272,4.934441071925573,2.757557458105927,5.869018602341155,2.3565249553883754,4.832312964425166,1.9181343535253776,6.6044926396720145,3.7491530441279557,3.804505925610176,4.173194314675882,4.665606149394411,6.199406904753067,1.9480058208663955,4.455405331852432,5.224983016117739,4.042784032545079
6,27.200000000000003,11.627553482998906,2.03138175494404,1.6313437798331947,2.70707193111366,8.29382024699538,2.152021124881914,1.6444346611109648,10.401156746741849,2.3926890277457766,4.443095156104979,6.297396147407416,4.296655965625449,3.4891888299587026,2.6787529504579486,3.6531008116615067,1.479884735450152,2.8272435297003815,8.495720876578295,4.216497406466679,2.6632903824541914,5.3717196399862095,3.028362801555009,3.021363513302028,4.256622594206758,1.9329431730252526,2.7881143197667275,3.208215412491723,2.629294235377851
7,27.200000000000003,11.627553482998906,2.03138175494404,2.2155514831871765,3.579513955960037,5.511868804865606,3.1745666007596083,2.263215423673543,10.069287749530417,2.6375270896393395,5.30031128295648,2.790588997395685,3.819672671772969,4.379010300428205,2.45107420491882,4.9582241644695015,2.0609385948035652,3.8842882392649094,1.5743889674036602,5.838549739483083,2.9132871005864946,3.5264206327078234,3.8368354250061145,4.077572473012941,5.622936038922865,2.191387223928379,3.6050412107692282,4.402930690063098,3.315010934490428
8,27.599999999999998,11.627553482998906,2.0657828007517285,1.9691192250278582,3.1813809227189673,6.595405332643677,2.824516974109883,1.9826656074870288,13.32807295356598,2.4363874654221664,5.240286924156483,3.6343291884662148,4.7927123872831965,4.109170854768984,2.28314756995486,4.431289118622008,1.8975280348417933,3.3997972812869404,1.4173023046233342,5.414681176048884,2.503896788559181,3.3676940175659573,3.680183532047012,3.7867197026939516,5.318751199709991,2.330480194621091,3.168686606268451,3.973458158380335,2.932336479125772
9,27.999999999999996,11.627553482998906,2.1001838465594176,1.8205450820922942,2.9413462996953608,7.2486700965851165,2.6134718631618936,1.8135219701970857,15.292796331573022,2.3151202762089436,5.20409820547745,4.143020610136947,5.379358562804313,3.9464845057151705,2.1819045100885095,4.113599691903816,1.7990077190589273,3.107697418309302,1.3225946699024518,5.159130587826578,2.2570751460116463,3.271997654671293,3.585738020288623,3.6113644087346652,5.135357994138555,2.414339422562226,2.905608177072803,3.714528934642585,2.7016218411404305
10,28.199999999999996,11.627553482998906,2.117384369463262,1.7225051268134797,2.782954110841829,7.679741391876519,2.474209049119434,1.7019087762189526,16.5892627846798,2.2350994221602813,5.180218273944352,4.478691967520742,5.766470099685407,3.839132297110294,2.115097023499863,3.9039652523397805,1.7339968957584293,2.91494882196912,1.2600997290659128,4.990499843971939,2.094204391255224,3.2088502795415086,3.523416047123393,3.4956523148400502,5.014341905353445,2.4696758007140445,2.732010019792179,3.543668722939148,2.549379651864867
11,28.4,12.074767078498864,2.0555261926498063,1.653946394825225,2.672191436646802,7.9811868721163455,2.3768234279539135,1.6238583626856298,17.495873725469558,2.1791413357801765,5.1635191860957335,4.713424863527912,6.037174793818693,3.7640615641916773,2.0683789629416522,3.7573691903902877,1.6885352306819894,2.780160925340465,1.2163974049751958,4.8725774118366765,1.9803098837320936,3.164691712200545,3.479834678251252,3.414735566045542,4.929716105864957,2.5083721863674464,2.610613906291206,3.424187237780172,2.4429176341888557
12,28.599999999999998,12.074767078498864,2.072089659149805,1.6040694765540904,2.5916108790999663,8.200490396920458,2.305974762484306,1.5670761850704322,18.155439013305305,2.1384314681958734,5.151370492330937,4.884194554421583,6.234114199104243,3.709447123379419,2.034391273544961,3.6507196128867583,1.6554615770753889,2.682101864020059,1.1846036832461426,4.78678808435974,1.8974508973051636,3.1325660705738443,3.4481289522213077,3.3558681111007647,4.868150292695601,2.536524055701227,2.5222974532891476,3.3372636892056593,2.36546583190762
13,28.599999999999998,12.074767078498864,2.072089659149805,1.5667563567662035,2.531328245357939,8.364552231022532,2.2529725956882602,1.5245972134616528,18.648862413266848,2.107976255276249,5.14228200648568,5.0119480354569905,6.381445346959618,3.6685898442448415,2.0089649487091266,3.5709346422299046,1.6307190460285104,2.6087434924894426,1.1608186742981161,4.722608749235866,1.8354637619083043,3.1085327510378713,3.424409773203749,3.3118291352758753,4.822092664412735,2.557584580471303,2.45622756556687,3.272235838793616,2.307523832351886
14,28.599999999999998,12.074767078498864,2.072089659149805,1.5382759870571656,2.485315697874178,8.489777398924115,2.2125170852856835,1.4921738507636217,19.025482779880022,2.0847303908604853,5.135344944175167,5.109459752305876,6.493900311444794,3.637404287484298,1.9895575355583845,3.510036344943341,1.611833559214267,2.5527504917883017,1.1426640452501193,4.673621926306052,1.7881502018698359,3.090188591406863,3.40630539084561,3.2782150520732323,4.786937783532384,2.5736596643862333,2.4057977210601145,3.2226013608500117,2.263297844859842
15,28.599999999999998,12.074767078498864,2.072089659149805,1.5162192183278669,2.4496810439401333,8.586758673946552,2.181186107286047,1.4670634108443774,19.31715835888399,2.0667275116644177,5.1299725006076535,5.18497820269489,6.580991636784017,3.613252472736491,1.9745273646767185,3.462873345551815,1.597207596866952,2.5093864245538575,1.1286040994569715,4.635683829463049,1.7515079720747246,3.075981862679388,3.3922843588597247,3.2521824525380922,4.759711905315013,2.586109095760826,2.366742068738753,3.184161684252198,2.229046801495496
16,28.799999999999997,12.074767078498864,2.0886531256498033,1.4989577798604163,2.4217936686976143,8.662655389908892,2.156666752003177,1.4474121954339854,19.545421171140216,2.0526386124564815,5.125768072243797,5.244078295756827,6.649148562752721,3.5943514691822958,1.9627648815581225,3.425963985802493,1.5857614438885206,2.4754500766031513,1.1176009061904197,4.605993799510575,1.722832076585177,3.0648637983444553,3.3813116192057504,3.231809562903234,4.738405165994345,2.5958519142246126,2.336177449431854,3.154079122275634,2.202242228045247
17,28.799999999999997,12.074767078498864,2.0886531256498033,1.48534940345835,2.3998081371973585,8.722489979039096,2.1373364617464015,1.4319197938843133,19.725376409148577,2.0415313664483397,5.122453432861986,5.290670954491526,6.702881344336296,3.579450511117456,1.9534917089889512,3.3968658048383076,1.5767376560750173,2.44869572484414,1.1089263339131283,4.582587111606564,1.700224900466922,3.056098665321651,3.3726610556009415,3.215748216042038,4.721607601346236,2.603532846559551,2.3120812627265312,3.1303629744419803,2.1811103434983337
18,28.799999999999997,12.074767078498864,2.0886531256498033,1.4745677296647801,2.38238939290263,8.769895856310114,2.122021417708383,1.4196454405851056,19.86795173307597,2.032731293635352,5.119827303226672,5.327585486601059,6.745452868369635,3.567644747937481,1.9461447398341953,3.373811835292427,1.5695882700121202,2.4274987293539008,1.1020536250881212,4.564042410452456,1.6823136382340664,3.0491542068339528,3.3658073684187286,3.203023097524851,4.7082991906136495,2.6096183121888834,2.292990283975657,3.111573093707663,2.1643679284521413
19,28.799999999999997,12.074767078498864,2.0886531256498033,1.465999492951279,2.3685466512999116,8.807569485270356,2.109850494611665,1.4098909658545233,19.981256879225235,2.025737842673899,5.117740308128645,5.356921604103638,6.779284618629947,3.558262663537015,1.9403060758150446,3.3554907589886005,1.5639066260191774,2.4106533973161506,1.096591857536709,4.549304866698878,1.6680794907735645,3.043635419555751,3.360360717438386,3.1929103979802176,4.697722946551685,2.6144544546118818,2.2778186113613845,3.096640704819575,2.1510626682469014
20,28.799999999999997,12.074767078498864,2.0886531256498033,1.4591798701800571,2.3575289496412632,8.837554644005161,2.100163425139556,1.402127193655144,20.071438602794835,2.020171621872482,5.116079228986008,5.380270778692211,6.806211952943886,3.550795283893065,1.9356589719324246,3.340908665457269,1.559384497365659,2.3972458767498233,1.0922447327302667,4.537574974968014,1.6567502617388903,3.0392429116628885,3.356025624198732,3.184861507829407,4.689305112491925,2.618303632464398,2.265743188202875,3.0847557321355827,2.1404727582681415
21,28.799999999999997,12.074767078498864,2.0886531256498033,1.4537504144352331,2.348757185341082,8.861427385623548,2.0924510462059582,1.3959460515328395,20.143236954923573,2.015740064509113,5.1147567576417545,5.39886026880915,6.8276502017867156,3.5448501152720504,1.9319591712662127,3.3292991037335113,1.5557841959677159,2.3865714535442044,1.088783760980714,4.528236199176332,1.6477304743209822,3.0357458080820696,3.3525742314041476,3.178453368503405,4.682603237765425,2.621368162791853,2.2561293169025705,3.0752934883457232,2.1320415811341245
22,28.799999999999997,12.074767078498864,2.0886531256498033,1.4494308433729133,2.341778537569126,8.880420081893577,2.086315225153365,1.3910284531770472,20.2003583495446,2.012214402297745,5.1137046247544315,5.413649711314314,6.844706062204507,3.540120252916984,1.9290156806761372,3.320062758651231,1.5529198650909035,2.378079086766945,1.0860302781051743,4.520806447915222,1.6405545041041123,3.032963579413194,3.349828369361825,3.1733551755174316,4.677271354517369,2.6238062444604795,2.248480704920558,3.0677655083086344,2.125333897992198
23,28.799999999999997,12.074767078498864,2.0886531256498033,1.4459995919796904,2.3362350485178127,8.895506930702721,2.081441235529967,1.3871221587866591,20.245732730946926,2.0094137924223068,5.112868862966188,5.425397705378697,6.858254385400679,3.536363086623981,1.9266775188442276,3.312725867678811,1.5506445837794216,2.371333174981764,1.0838430489065793,4.514904624794782,1.6348542719632067,3.030753515992864,3.347647193772306,3.1693054257775475,4.673035972911314,2.6257429347016097,2.2424050297803966,3.061785657157269,2.1200056497022683
24,28.799999999999997,12.074767078498864,2.0886531256498033,1.4432800608139569,2.331841406224006,8.907464421083695,2.077578223129164,1.384026119435485,20.281695425080397,2.0071940932611323,5.112206457339265,5.434708896058589,6.868992475663663,3.533385242782855,1.9248243453970808,3.3069108161502365,1.5488412479907332,2.36598652000413,1.082109501203275,4.510226975135422,1.6303363986911623,3.029001870409067,3.345918444020729,3.1660956870062087,4.669679106579925,2.627277910972811,2.237589588997137,3.0570461642700084,2.11578260229984
25,28.799999999999997,12.074767078498864,2.0886531256498033,1.441130655696909,2.3283688528119404,8.916915127637747,2.074525057669571,1.3815791377984123,20.31011885326807,2.0054397347174793,5.11168291928903,5.442068076620796,6.877479418725548,3.531031677995463,1.9233596736403225,3.302314839583061,1.54741596586093,2.361760744726089,1.0807393766939193,4.506529954031098,1.6267656582446228,3.027617442082412,3.3445521116142642,3.1635588420432135,4.66702597806982,2.628491092823213,2.2337836634792407,3.0533002648324694,2.112444880044369
26,28.799999999999997,12.074767078498864,2.0886531256498033,1.4394374083934074,2.3256332625527523,8.924360156618972,2.0721198506936513,1.3796514671951243,20.332510115275067,2.004057695170884,5.11127048917764,5.447865454017962,6.884165219061888,3.5291775988373457,1.9222058420601442,3.2986942448112315,1.5462931644383984,2.358431785220972,1.079660027057814,4.503617533768285,1.6239527187086322,3.0265268242587124,3.343475749301462,3.161560379371414,4.664935910143605,2.6294468069789834,2.230785451057863,3.0503493394478163,2.1098155063799595
27,28.799999999999997,12.074767078498864,2.0886531256498033,1.4381083925163962,2.3234861202658936,8.930203698610976,2.07023202352754,1.3781384543988717,20.350084832596092,2.002972943701748,5.110946776176556,5.452415767837998,6.889412848737218,3.527722347360921,1.9213002091462266,3.2958524697639393,1.5454118868399112,2.355818912295039,1.078812854408985,4.501331599066481,1.6217448656108164,3.025670807302152,3.342630921378114,3.159991802463042,4.663295433024742,2.630196939156532,2.228432178796674,3.048033182392689,2.1077517326244255
28,28.799999999999997,12.074767078498864,2.0886531256498033,1.4370694151996768,2.3218075608367674,8.934771971785146,2.0687561874315206,1.3769556348386207,20.363824121163045,2.0021249236064245,5.1106937088723425,5.455973041249668,6.893515258869051,3.5265846835449497,1.9205922175630477,3.2936308711627276,1.5447229353755987,2.353776261226324,1.0781505649806165,4.499544536666583,1.62001884463021,3.025001603708744,3.3419704649726856,3.1587655448573058,4.6620129663931715,2.6307833657978508,2.226592474289201,3.0462224932324897,2.1061383477462376
29,28.799999999999997,12.074767078498864,2.0886531256498033,1.4362606354065355,2.3205009057962602,8.938328090839299,2.0676073400089243,1.3760348827260687,20.37451931035175,2.001464792238551,5.1104967115763875,5.458742159311956,6.896708732262945,3.525699082395686,1.9200410897597986,3.29190149360249,1.5441866291311561,2.352186183288886,1.0776350134875705,4.498153418752014,1.618675243697651,3.024480669964439,3.3414563403750015,3.1578109789040902,4.661014645178358,2.6312398627877527,2.225160377739016,3.044812983341501,2.1048824270759403
30,28.799999999999997,12.074767078498864,2.0886531256498033,1.4356338704278457,2.319488311731023,8.94108391004014,2.066717039167523,1.3753213446492072,20.382807561468777,2.0009532225551507,5.110344048259315,5.460888091045186,6.899183518726012,3.525012784604676,1.9196139925340912,3.290561310157155,1.5437710178922006,2.3509539502719075,1.0772354861708733,4.497075370069943,1.6176340183641242,3.0240769716649547,3.341057918832766,3.1570712367463365,4.660240994822307,2.6315936257385255,2.2240505726086566,3.0437206817727915,2.10390914967852
31,28.799999999999997,12.074767078498864,2.0886531256498033,1.4351504249755611,2.3187072629926706,8.943209568469154,2.066030319411994,1.3747709681125166,20.389200575510966,2.0005586312085133,5.110226293775771,5.46254332222851,6.901092406908383,3.524483419440288,1.9192845577084834,3.289527580427667,1.5434504426044569,2.3500034864322425,1.0769273169672842,4.496243833927357,1.616830885340724,3.023765585238437,3.3407506025511693,3.156500648097978,4.659644251610725,2.631866495307746,2.2231945416218655,3.0428781518869967,2.1031584272425317
32,28.799999999999997,12.074767078498864,2.0886531256498033,1.4347793257248243,2.3181077194449515,8.944841252553895,2.065503184063965,1.3743484916585054,20.394107939329988,2.0002557375678913,5.110135903845723,5.463813900013505,6.902557695227617,3.5240770715990943,1.9190316790923507,3.2887340755425454,1.543204364689101,2.3492738975673864,1.0766907621294801,4.495605535567084,1.6162143895978893,3.023526560816914,3.340514702427793,3.156062656554394,4.659186183471592,2.632075953670025,2.2225374406887517,3.042231414581134,2.102582162573601
33,28.799999999999997,12.074767078498864,2.0886531256498033,1.4344958766684945,2.317649782511659,8.946087548021017,2.0651005531864834,1.3740258002168673,20.397856229418974,2.0000243845904007,5.110066863177161,5.464784379133132,6.903676896062735,3.52376669934181,1.9188385280553528,3.2881279891372657,1.5430164080905555,2.348716630812356,1.0765100793460667,4.495117997347816,1.6157435044204316,3.0233439917425056,3.340334519721344,3.155728114543159,4.658836306770105,2.6322359399136257,2.2220355408896153,3.0417374306168012,2.1021420062642577
34,28.799999999999997,12.074767078498864,2.0886531256498033,1.4342804726684404,2.3173017783641727,8.947034656585586,2.0647945782692347,1.3737805743967073,20.400704701341883,1.9998485704338074,5.1100143964786735,5.465521884090968,6.904527420456328,3.5235308353506203,1.9186917450442444,3.287667400424197,1.5428735725359501,2.348293142056793,1.0763727714474547,4.494747498027869,1.6153856603968744,3.0232052503777513,3.340197591850734,3.1554738830126703,4.65857042181003,2.6323575197039117,2.2216541276446384,3.041362032923623,2.101807514306834
35,28.799999999999997,12.074767078498864,2.0886531256498033,1.4341176236745163,2.317038681461213,8.947750686356795,2.0645632561608824,1.3735951796125472,20.40285819332323,1.9997156520176604,5.10997473078509,5.466079450061736,6.9051704309935955,3.5233525182643146,1.9185807746552166,3.2873191877237957,1.5427655864894596,2.347972977539123,1.0762689644005052,4.494467394401718,1.6151151243845279,3.023100359606641,3.3400940721112513,3.1552816797622505,4.658369408373709,2.632449436040305,2.2213657729102874,3.041078226046127,2.1015546328434977
36,28.799999999999997,12.074767078498864,2.0886531256498033,1.4339951525794132,2.3168408186126475,8.948289178785233,2.064389289645961,1.373455752885397,20.404477733701693,1.9996156903071667,5.109944900076196,5.46649876929354,6.905654009078817,3.523218414341968,1.9184973190271484,3.2870573132736114,1.5426843752455284,2.347732196812467,1.076190895986246,4.494256741593797,1.6149116669304873,3.023021476174238,3.340016219767471,3.1551371327067605,4.658218235590363,2.632518562008509,2.221148914830645,3.0408647881964526,2.1013644525482453
37,28.799999999999997,12.074767078498864,2.0886531256498033,1.433903537137743,2.3166928057917757,8.948692002174912,2.0642591526606835,1.3733514536531763,20.405689243298713,1.9995409131832313,5.109922584985698,5.4668124442597845,6.90601575337303,3.52311809687469,1.9184348894047225,3.2868614160833762,1.5426236245518636,2.347552078943841,1.0761324963104137,4.49409916114577,1.6147594690220965,3.0229624668178348,3.339957981724818,3.155029003173668,4.658105149630749,2.632570272219008,2.2209866924815302,3.0407051243765895,2.101222186720281
38,28.799999999999997,12.074767078498864,2.0886531256498033,1.4338353718273436,2.316582678724833,8.948991717822109,2.064162325883077,1.3732738511288736,20.406590651688248,1.9994852762101303,5.109905981724908,5.467045830150292,6.906284904638913,3.5230434569322213,1.9183884394339183,3.286715661257166,1.5425784237667652,2.3474180645222593,1.0760890447703921,4.493981915406875,1.6146462280937282,3.022918561652696,3.339914650445918,3.1549485507624557,4.658021009453084,2.632608746546973,2.220865992994855,3.0405863285312367,2.101116335630709
39,28.799999999999997,12.074767078498864,2.0886531256498033,1.4337849296445504,2.316501184932629,8.949213506755129,2.064090674276319,1.3732164254281294,20.407257691953905,1.9994441049699385,5.109893695347707,5.467218535206306,6.906484075995629,3.522988223535651,1.9183540665556276,3.286607802999885,1.5425449752832043,2.347318894139102,1.0760568907244181,4.49389515381277,1.6145624300507797,3.022886071925114,3.3398825853929157,3.154889016151541,4.657958745902943,2.632637217466753,2.2207766756348333,3.0404984198616916,2.101038006052544
40,28.799999999999997,12.074767078498864,2.0886531256498033,1.4337478070420704,2.31644121009639,8.949376730904813,2.064037942733641,1.3731741633501857,20.407748595980024,1.9994138052584938,5.109884653266822,5.467345636389986,6.906630654884388,3.52294757486997,1.9183287700552336,3.286528425403843,1.5425203590852121,2.347245910328571,1.0760332271595063,4.493831302171343,1.614500759415912,3.022862161317464,3.3398589873218123,3.1548452020346174,4.6579129234406125,2.6326581704584484,2.2207109430937932,3.040433724037416,2.1009803598994314
41,28.799999999999997,12.074767078498864,2.0886531256498033,1.4337206378200569,2.3163973158235716,8.949496191095223,2.0639993496691886,1.3731432326583246,20.408107877915615,1.9993916295614207,5.109878035565298,5.467438658970488,6.906737932771854,3.5229178249993094,1.9183102560990606,3.2864703306748733,1.542502343027509,2.347192495071579,1.0760159083131497,4.493784570549475,1.6144556240251124,3.022844661665924,3.3398417164089444,3.154813135439323,4.657879386981176,2.6326735054954664,2.220662834882576,3.0403863745765576,2.1009381699389356
42,28.799999999999997,12.074767078498864,2.0886531256498033,1.4337008639464477,2.3163653693879143,8.949583134722292,2.0639712614751917,1.3731207211712009,20.40836936481358,1.9993754899961838,5.109873219174403,5.467506361194303,6.906816010067803,3.5228961729188017,1.9182967815641914,3.2864280490877364,1.5424892308652327,2.347153619223752,1.0760033035842123,4.4937505590792926,1.61442277429859,3.0228319253462157,3.3398291465662013,3.154789797236921,4.657854979005494,2.6326846663996557,2.2206278215248982,3.04035191344057,2.100907463908928
43,28.799999999999997,12.074767078498864,2.0886531256498033,1.433686553123439,2.316342248992009,8.949646057894721,2.063950933380613,1.3731044290721288,20.40855860910581,1.9993638094086514,5.109869733437668,5.467555358905195,6.906872516465354,3.5228805027927543,1.9182870297225725,3.2863974488966963,1.5424797412812843,2.3471254838473175,1.0759941812418499,4.493725944168746,1.6143990001695836,3.022822707768481,3.3398200494718076,3.154772906824324,4.65783731437251,2.6326927438116803,2.220602481524524,3.0403269730961777,2.100885241224116
44,28.799999999999997,12.074767078498864,2.0886531256498033,1.433676254502646,2.316325610662412,8.949691339839132,2.0639363044988643,1.373092704648581,20.40869479660542,1.999355403606863,5.109867224966925,5.467590619549805,6.906913180650802,3.52286922596501,1.9182800119208143,3.2863754278177177,1.5424729122102723,2.3471052365440985,1.0759876164520625,4.49370823032871,1.614381891388406,3.022816074443642,3.3398135028514333,3.154760751831262,4.657824602220565,2.6326985566292502,2.2205842458818505,3.04030902506138,2.1008692489220833
45,28.799999999999997,12.074767078498864,2.0886531256498033,1.4336688853261657,2.3163137051082994,8.949723741327293,2.0639258368048417,1.3730843152391652,20.408792245549233,1.9993493888367224,5.10986543003108,5.46761585029848,6.90694227790227,3.5228611568327004,1.9182749903338754,3.2863596706381357,1.542468025669589,2.347090748589481,1.0759829190177679,4.493695555193272,1.6143696492027393,3.022811327969102,3.339808818418259,3.154752054327898,4.657815506042249,2.632702715989943,2.220571197370618,3.0402961823479173,2.1008578056328924
46,28.799999999999997,12.074767078498864,2.0886531256498033,1.433663642463466,2.3163052348015096,8.949746793639067,2.0639183894757287,1.3730783465231469,20.408861576421423,1.9993451095778256,5.109864153008852,5.467633800927223,6.9069629793870035,3.522855415980528,1.9182714176835365,3.2863484600599526,1.5424645490990463,2.347080441012093,1.0759795769885587,4.493686537361364,1.6143609393965939,3.0228079510497974,3.3398054856388075,3.154745866415845,4.657809034489543,2.632705675202156,2.220561913897355,3.040287045291212,2.1008496642083765
47,28.799999999999997,12.074767078498864,2.0886531256498033,1.433659933845556,2.3162992432024043,8.94976310003906,2.0639131214952933,1.3730741244619582,20.408910618658275,1.9993420825795816,5.109863249687942,5.467646498574875,6.90697762289408,3.522851355102264,1.9182688905155003,3.2863405300885975,1.5424620898945014,2.3470731497919526,1.0759772129538527,4.493680158462118,1.614354778384011,3.0228055623350567,3.3398031281470555,3.154741489303039,4.657804456739248,2.632707768445493,2.220555347092695,3.0402805820565098,2.1008439052491017
48,28.799999999999997,12.074767078498864,2.0886531256498033,1.4336573256848002,2.316295029488823,8.949774567845548,2.0639094166812173,1.3730711552118033,20.40894510860591,1.9993399537816785,5.109862614409191,5.4676554284530905,6.906987921237398,3.5228484992072686,1.9182671132333275,3.286334953175421,1.5424603604090321,2.3470680220935227,1.075975550398503,4.493675672371858,1.6143504455269673,3.0228038824229717,3.339801470193171,3.1547384110096894,4.657801237343516,2.632709240561319,2.220550728854143,3.04027603665563,2.1008398551441996
49,28.799999999999997,12.074767078498864,2.0886531256498033,1.4336555021254047,2.3162920833678946,8.949782585842993,2.0639068263698257,1.3730690791879219,20.40896922309653,1.9993384653805488,5.109862170238514,5.4676616719958995,6.9069951215760605,3.522846502438421,1.9182658706030193,3.2863310539401476,1.5424591511969585,2.347064436937728,1.0759743879822596,4.493672535812113,1.6143474161039708,3.0228027078713424,3.339800310994155,3.1547362587455914,4.657798986424235,2.632710269827112,2.220547499899684,3.0402728586274126,2.1008370234142806
50,28.799999999999997,12.074767078498864,2.0886531256498033,1.4336542346095686,2.3162900355843443,8.94978815897582,2.0639050259016223,1.3730676361896004,20.40898598454603,1.9993374308258163,5.10986186150529,5.467666011744524,6.907000126372338,3.5228451145285216,1.9182650068781535,3.2863283436678796,1.5424583107003689,2.3470619449751644,1.0759735800124175,4.4936703556587485,1.6143453104189947,3.022801891466462,3.3397995052605363,3.15473476275438,4.6577974218599865,2.632710985247018,2.220545255524798,3.040270649650231,2.1008350551413932
51,28.799999999999997,12.074767078498864,2.0886531256498033,1.4336533587804579,2.3162886206052216,8.949792009903618,2.0639037818126567,1.3730666391054611,20.408997566385874,1.9993367159683557,5.109861648176558,5.467669010427515,6.907003584590489,3.522844155509424,1.9182644100608517,3.2863264709217703,1.5424577299333602,2.3470602230768707,1.0759730217207668,4.493668849214625,1.6143438554310985,3.022801327346361,3.3397989485140736,3.154733729053171,4.657796340776125,2.632711479588439,2.2205437047048364,3.0402691232894035,2.1008336951026125
52,28.799999999999997,12.074767078498864,2.0886531256498033,1.4336527571880457,2.316287648679656,8.949794655041705,2.06390292726869,1.373065954224992,20.40900552175853,1.9993362249446855,5.109861501644609,5.467671070172856,6.90700595998287,3.5228434967751965,1.9182640001169986,3.286325184563695,1.5424573310141854,2.347059040333644,1.0759726382395414,4.493667814463276,1.6143428560241737,3.0228009398616695,3.3397985660942107,3.154733019021047,4.657795598197645,2.6327118191433176,2.2205426394724634,3.040268074857602,2.100832760914652
53,28.799999999999997,12.074767078498864,2.0886531256498033,1.4336523464294249,2.3162869850629004,8.949796461103848,2.063902343798397,1.3730654865984868,20.409010953572256,1.9993358896808076,5.109861401594711,5.467672476537272,6.907007581866533,3.52284304700097,1.9182637202132498,3.2863243062569576,1.542457058637928,2.3470582327736302,1.0759723764040923,4.493667107949983,1.6143421736435415,3.022800675292714,3.339798304983446,3.1547325342213557,4.657795091175775,2.632712050986493,2.2205419121471652,3.0402673590034923,2.100832123064588
54,28.799999999999997,12.074767078498864,2.0886531256498033,1.4336520676526254,2.3162865346744104,8.949797686855893,2.0639019478043203,1.3730651692261573,20.40901464007708,1.9993356621413567,5.10986133369208,5.4676734310194135,6.907008682618923,3.522842741744761,1.9182635302460342,3.28632371016103,1.5424568737795283,2.3470576846926305,1.0759721986996091,4.493666628448141,1.6143417105202402,3.0228004957330326,3.3397981277707967,3.1547322051937963,4.657794747066296,2.632712208335589,2.2205414185204746,3.0402668731621554,2.1008316901636332
55,28.799999999999997,12.074767078498864,2.0886531256498033,1.4336518795927051,2.3162862308470333,8.949798513735436,2.0639016806708472,1.373064955130095,20.409017126954772,1.9993355086456173,5.109861287885673,5.467674074903109,6.907009425175002,3.5228425358221074,1.9182634020961327,3.2863233080409358,1.5424567490759802,2.347057314962905,1.0759720788220188,4.493666304981201,1.614341398102093,3.022800374603945,3.3397980082249923,3.154731983235238,4.657794514933632,2.632712314481648,2.2205410855250594,3.040266545418658,2.1008313981331654
56,28.799999999999997,12.074767078498864,2.0886531256498033,1.433651753500145,2.316286027133389,8.949799068151066,2.06390150156015,1.3730648115805255,20.40901879438489,1.9993354057280432,5.109861257172872,5.467674506621594,6.907009923052472,3.522842397752737,1.9182633161727254,3.286323038422869,1.5424566654633234,2.3470570670623028,1.0759719984451248,4.4936660880994,1.614341188628411,3.0228002933879328,3.3397979280705585,3.1547318344139317,4.657794359290675,2.6327123856516685,2.2205408622544955,3.0402663256694606,2.100831202329247
57,28.799999999999997,12.074767078498864,2.0886531256498033,1.4336516694729224,2.3162858913800055,8.949799437609853,2.0639013822020025,1.3730647159200713,20.40901990554894,1.9993353371444735,5.1098612367060685,5.467674794315845,6.907010254834618,3.52284230574425,1.9182632589139523,3.2863228587512276,1.5424566097444188,2.347056901863032,1.0759719448825107,4.493665943570845,1.6143410490365777,3.0228002392661355,3.339797874656189,3.1547317352404285,4.65779425557127,2.6327124330788836,2.2205407134685147,3.0402661792300933,2.100831071846851
58,28.799999999999997,12.074767078498864,2.0886531256498033,1.4336516138221218,2.316285801471232,8.949799682300533,2.0639013031517104,1.3730646525646404,20.409020641467247,1.9993352917219254,5.109861223151012,5.467674984854284,6.907010474572248,3.5228422448075003,1.9182632209917596,3.286322739755617,1.542456572842073,2.3470567924523977,1.0759719094082647,4.493665847850322,1.6143409565856182,3.0228002034215464,3.3397978392801266,3.1547316695583243,4.657794186878438,2.632712464489688,2.220540614928318,3.0402660822440484,2.1008309854290257
59,28.799999999999997,12.074767078498864,2.0886531256498033,1.4336515771929534,2.3162857422935823,8.949799843355105,2.0639012511210764,1.3730646108643105,20.409021125846174,1.9993352618249582,5.109861214229118,5.467675110266038,6.907010619202808,3.522842204699137,1.9182631960315004,3.286322661433109,1.5424565485530735,2.3470567204386885,1.0759718860592362,4.493665784847397,1.6143408957347103,3.0228001798287587,3.3397978159957216,3.1547316263265843,4.657794141665049,2.6327124851641726,2.220540550069495,3.0402660184081616,2.1008309285491062
60,28.799999999999997,12.074767078498864,2.0886531256498033,1.4336515532338767,2.3162857035855824,8.949799948700624,2.063901217087927,1.3730645835881963,20.40902144267759,1.9993352422694028,5.109861208393323,5.46767519229765,6.907010713805409,3.522842178464325,1.9182631797050376,3.2863226102024896,1.5424565326656805,2.3470566733346447,1.0759718707866766,4.49366574363729,1.614340855932235,3.0228001643967564,3.3397978007654308,3.1547315980487776,4.657794112091048,2.6327124986873165,2.2205405076454494,3.040265976653217,2.1008308913440477
61,28.799999999999997,12.074767078498864,2.0886531256498033,1.433651537660478,2.316285678425384,8.949800017175203,2.0639011949663812,1.3730645658587226,20.409021648617998,1.9993352295582925,5.109861204600055,5.467675245618192,6.907010775297094,3.5228421614116976,1.918263169092837,3.2863225769025894,1.5424565223388755,2.347056642717018,1.0759718608595132,4.493665716850724,1.6143408300606281,3.0228001543659553,3.339797790865743,3.154731579668203,4.657794092867948,2.6327125074773594,2.2205404800698214,3.0402659495125044,2.100830867160761
62,28.799999999999997,12.074767078498864,2.0886531256498033,1.433651527601595,2.316285662174372,8.94980006140305,2.06390118067804,1.3730645544072277,20.409021781635243,1.9993352213481665,5.109861202149978,5.467675280058018,6.907010815014675,3.5228421503973797,1.9182631622384003,3.2863225553941313,1.5424565156687762,2.347056622941045,1.0759718544475427,4.493665699549238,1.614340813350116,3.0228001478870454,3.3397977844715196,3.1547315677961625,4.657794080451717,2.632712513154863,2.22054046225868,3.0402659319822756,2.100830851540738
63,28.799999999999997,12.074767078498864,2.0886531256498033,1.4336515211457712,2.3162856517444195,8.949800089788623,2.063901171507736,1.373064547057621,20.409021867006143,1.9993352160788809,5.1098612005775115,5.46767530216161,6.907010840505546,3.522842143328354,1.9182631578392002,3.2863225415899326,1.5424565113878845,2.3470566102487607,1.0759718503323195,4.4936656884450885,1.6143408026252546,3.02280014372886,3.3397977803676864,3.1547315601766477,4.6577940724829405,2.6327125167987036,2.220540450827431,3.040265920731318,2.1008308415157564
64,28.799999999999997,12.074767078498864,2.0886531256498033,1.4336515170288606,2.316285645093188,8.949800107890244,2.063901165659788,1.373064542370741,20.409021921447586,1.9993352127186317,5.109861199574742,5.467675316257179,6.907010856761202,3.522842138820401,1.9182631550338094,3.2863225327869285,1.5424565086579392,2.347056602154829,1.0759718477080211,4.493665681363917,1.6143407957859586,3.0228001410771648,3.339797777750652,3.154731555317646,4.657794067401213,2.6327125191223986,2.2205404435376677,3.040265913556527,2.1008308351227765
65,28.799999999999997,12.074767078498864,2.0886531256498033,1.4336515144203592,2.3162856408789243,8.949800119359548,2.0639011619544902,1.373064539401103,20.40902195594204,1.9993352105895554,5.10986119893938,5.467675325188225,6.907010867060889,3.5228421359641335,1.918263153256295,3.2863225272092866,1.5424565069282277,2.3470565970264605,1.0759718460452488,4.493665676877241,1.6143407914525354,3.022800139397033,3.3397977760924813,3.1547315522389505,4.657794064181395,2.6327125205947066,2.2205404389188255,3.0402659090105324,2.100830831072143
66,28.799999999999997,12.074767078498864,2.0886531256498033,1.4336515127782858,2.31628563822601,8.949800126579568,2.0639011596219743,1.3730645375316912,20.40902197765658,1.9993352092492847,5.109861198539414,5.467675330810389,6.907010873544628,3.522842134166089,1.918263152137335,3.2863225236981144,1.54245650583936,2.34705659379811,1.0759718449985194,4.493665674052841,1.6143407887246097,3.022800138339376,3.3397977750486487,3.1547315503008857,4.657794062154494,2.6327125215215363,2.2205404360112264,3.040265906148791,2.100830828522235
67,28.799999999999997,12.074767078498864,2.0886531256498033,1.433651511751317,2.3162856365668514,8.94980013109504,2.0639011581631963,1.3730645363625429,20.40902199123707,1.9993352084110658,5.109861198289271,5.467675334326548,6.907010877599622,3.5228421330415745,1.9182631514375263,3.286322521502193,1.5424565051583716,2.3470565917790682,1.075971844343885,4.493665672286434,1.6143407870185384,3.022800137677908,3.3397977743958265,3.154731549088802,4.65779406088685,2.632712522101185,2.220540434192786,3.04026590435903,2.100830826927498
68,28.799999999999997,12.074767078498864,2.0886531256498033,1.43365151111325,2.3162856355359978,8.949800133900556,2.063901157256841,1.3730645356361377,20.40902199967478,1.999335207890271,5.1098611981338555,5.467675336511178,6.907010880119037,3.522842132342901,1.9182631510027277,3.286322520137843,1.5424565047352659,2.347056590524615,1.0759718439371533,4.493665671188945,1.614340785958537,3.0228001372669295,3.3397977739902203,3.15473154833572,4.657794060099249,2.632712522461328,2.220540433062968,3.040265903247031,2.1008308259366695
69,28.799999999999997,12.074767078498864,2.0886531256498033,1.4336515107194263,2.3162856348997405,8.949800135632156,2.063901156697426,1.3730645351877906,20.409022004882647,1.9993352075688295,5.10986119803793,5.467675337859558,6.907010881674052,3.5228421319116703,1.9182631507343637,3.286322519295747,1.5424565044741192,2.3470565897503493,1.0759718436861128,4.493665670511559,1.61434078530429,3.0228001370132684,3.3397977737398747,3.1547315478709077,4.657794059613131,2.632712522683612,2.220540432365629,3.040265902560691,2.100830825325117
70,28.799999999999997,12.074767078498864,2.0886531256498033,1.4336515104779675,2.3162856345096428,8.949800136693826,2.063901156354441,1.3730645349129027,20.409022008075674,1.9993352073717492,5.109861197979117,5.467675338686272,6.907010882627455,3.522842131647277,1.9182631505698262,3.286322518779447,1.5424565043140068,2.3470565892756365,1.0759718435321963,4.493665670096246,1.6143407849031615,3.0228001368577453,3.3397977735863846,3.1547315475859254,4.657794059315086,2.632712522819898,2.2205404319380806,3.040265902139886,2.1008308249501657
71,28.799999999999997,12.074767078498864,2.0886531256498033,1.4336515103309153,2.3162856342720666,8.949800137340402,2.063901156145558,1.3730645347454915,20.409022010020276,1.9993352072517245,5.1098611979433,5.4676753391897535,6.907010883208095,3.5228421314862577,1.9182631504696204,3.2863225184650116,1.5424565042164957,2.3470565889865282,1.0759718434384589,4.493665669843313,1.614340784658868,3.0228001367630295,3.339797773492907,3.1547315474123665,4.657794059133572,2.632712522902899,2.220540431677697,3.040265901883609,2.100830824721814
72,28.799999999999997,12.074767078498864,2.0886531256498033,1.4336515102419598,2.3162856341283513,8.949800137731522,2.0639011560191998,1.3730645346442207,20.40902201119659,1.999335207179118,5.109861197921631,5.467675339494316,6.907010883559331,3.5228421313888516,1.9182631504090029,3.286322518274803,1.5424565041575085,2.34705658881164,1.0759718433817547,4.493665669690308,1.6143407845110898,3.0228001367057327,3.3397977734363584,3.1547315473073754,4.657794059023768,2.6327125229531063,2.2205404315201847,3.0402659017285814,2.1008308245836793
73,28.799999999999997,12.074767078498864,2.0886531256498033,1.4336515101885139,2.3162856340420044,8.949800137966516,2.063901155943281,1.3730645345833756,20.409022011903346,1.9993352071354948,5.109861197908612,5.467675339677303,6.90701088377036,3.522842131330329,1.9182631503725827,3.2863225181605213,1.542456504122068,2.3470565887065646,1.075971843347686,4.4936656695983785,1.6143407844223012,3.0228001366713078,3.339797773402384,3.154731547244295,4.657794058957796,2.6327125229832724,2.2205404314255484,3.0402659016354376,2.1008308245006853
74,28.799999999999997,12.074767078498864,2.0886531256498033,1.4336515101566218,2.3162856339904803,8.949800138106744,2.0639011558979794,1.3730645345470682,20.40902201232509,1.9993352071094646,5.1098611979008455,5.4676753397864974,6.907010883896287,3.5228421312954077,1.9182631503508507,3.286322518092328,1.5424565041009204,2.3470565886438646,1.0759718433273564,4.493665669543525,1.61434078436932,3.0228001366507664,3.339797773382111,3.154731547206655,4.65779405891843,2.6327125230012736,2.2205404313690775,3.0402659015798577,2.1008308244511613
75,28.799999999999997,12.074767078498864,2.0886531256498033,1.4336515101377223,2.3162856339599465,8.949800138189849,2.0639011558711333,1.373064534525552,20.40902201257503,1.9993352070940391,5.109861197896244,5.467675339851209,6.907010883970918,3.5228421312747136,1.9182631503379726,3.2863225180519167,1.5424565040883882,2.347056588606707,1.0759718433153092,4.493665669511017,1.6143407843379225,3.022800136638594,3.3397977733700976,3.1547315471843493,4.657794058895102,2.632712523011942,2.220540431335612,3.0402659015469204,2.100830824421813
76,28.799999999999997,12.074767078498864,2.0886531256498033,1.4336515101265992,2.3162856339419764,8.949800138238755,2.063901155855333,1.3730645345128887,20.40902201272212,1.9993352070849604,5.109861197893535,5.4676753398892926,6.907010884014837,3.522842131262534,1.9182631503303929,3.286322518028132,1.5424565040810125,2.3470565885848393,1.0759718433082188,4.493665669491886,1.614340784319444,3.02280013663143,3.339797773363027,3.1547315471712216,4.657794058881373,2.6327125230182205,2.2205404313159165,3.0402659015275355,2.1008308244045404
77,28.799999999999997,12.074767078498864,2.0886531256498033,1.433651510120098,2.316285633931473,8.949800138267335,2.0639011558460982,1.3730645345054877,20.40902201280808,1.9993352070796535,5.109861197891949,5.467675339911548,6.907010884040503,3.5228421312554143,1.9182631503259624,3.286322518014231,1.5424565040767013,2.3470565885720585,1.0759718433040746,4.493665669480702,1.6143407843086444,3.0228001366272417,3.3397977733588933,3.154731547163548,4.657794058873347,2.632712523021889,2.2205404313044053,3.0402659015162055,2.100830824394445
78,28.799999999999997,12.074767078498864,2.0886531256498033,1.4336515101163254,2.316285633925378,8.949800138283923,2.0639011558407394,1.373064534501193,20.409022012857964,1.9993352070765742,5.109861197891029,5.4676753399244635,6.907010884055399,3.522842131251284,1.9182631503233916,3.2863225180061635,1.5424565040741995,2.3470565885646413,1.0759718433016696,4.493665669474214,1.6143407843023772,3.022800136624811,3.339797773356495,3.1547315471590953,4.65779405886869,2.632712523024018,2.2205404312977253,3.0402659015096307,2.1008308243885865
79,28.799999999999997,12.074767078498864,2.0886531256498033,1.4336515101141523,2.316285633921867,8.949800138293485,2.0639011558376525,1.3730645344987185,20.409022012886716,1.9993352070748007,5.109861197890502,5.467675339931908,6.907010884063985,3.5228421312489044,1.9182631503219107,3.2863225180015165,1.5424565040727587,2.347056588560368,1.0759718433002843,4.493665669470476,1.614340784298766,3.022800136623412,3.339797773355114,3.1547315471565307,4.657794058866008,2.6327125230252455,2.220540431293877,3.040265901505843,2.1008308243852114
80,28.799999999999997,12.074767078498864,2.0886531256498033,1.4336515101129086,2.3162856339198576,8.949800138298954,2.063901155835886,1.3730645344973027,20.409022012903165,1.9993352070737855,5.1098611978902,5.467675339936166,6.907010884068897,3.5228421312475424,1.9182631503210634,3.2863225179988573,1.5424565040719342,2.3470565885579227,1.0759718432994916,4.493665669468337,1.6143407842967,3.022800136622611,3.3397977733543236,3.154731547155063,4.657794058864474,2.6327125230259476,2.2205404312916746,3.0402659015036764,2.1008308243832805
81,28.799999999999997,12.074767078498864,2.0886531256498033,1.4336515101122016,2.316285633918716,8.949800138302058,2.063901155834882,1.3730645344964982,20.4090220129125,1.9993352070732087,5.109861197890027,5.467675339938584,6.907010884071685,3.522842131246769,1.918263150320582,3.286322517997346,1.5424565040714653,2.3470565885565335,1.075971843299041,4.493665669467122,1.6143407842955264,3.0228001366221555,3.3397977733538746,3.1547315471542285,4.6577940588636,2.632712523026346,2.2205404312904236,3.040265901502444,2.100830824382183
82,28.799999999999997,12.074767078498864,2.0886531256498033,1.4336515101118028,2.3162856339180715,8.949800138303807,2.0639011558343157,1.3730645344960442,20.409022012917767,1.9993352070728827,5.109861197889928,5.467675339939946,6.907010884073256,3.522842131246331,1.91826315032031,3.2863225179964934,1.5424565040712006,2.3470565885557497,1.0759718432987868,4.493665669466434,1.614340784294864,3.0228001366218975,3.33979777335362,3.154731547153758,4.657794058863108,2.6327125230265698,2.220540431289717,3.040265901501749,2.1008308243815637
83,28.799999999999997,12.074767078498864,2.0886531256498033,1.4336515101115803,2.316285633917712,8.94980013830479,2.063901155833999,1.3730645344957906,20.40902201292072,1.9993352070727013,5.109861197889874,5.467675339940712,6.907010884074137,3.522842131246087,1.9182631503201584,3.2863225179960174,1.5424565040710532,2.347056588555312,1.075971843298645,4.493665669466052,1.614340784294494,3.0228001366217545,3.339797773353479,3.154731547153495,4.657794058862834,2.6327125230266963,2.220540431289323,3.0402659015013604,2.1008308243812177
84,28.799999999999997,12.074767078498864,2.0886531256498033,1.4336515101114566,2.316285633917512,8.949800138305337,2.063901155833824,1.3730645344956498,20.409022012922364,1.9993352070726007,5.109861197889845,5.467675339941138,6.907010884074628,3.5228421312459526,1.9182631503200744,3.286322517995753,1.5424565040709712,2.347056588555069,1.0759718432985663,4.493665669465841,1.6143407842942885,3.022800136621676,3.3397977733534012,3.15473154715335,4.657794058862683,2.632712523026767,2.220540431289104,3.040265901501145,2.100830824381026
85,28.799999999999997,12.074767078498864,2.0886531256498033,1.4336515101113882,2.3162856339174014,8.949800138305635,2.0639011558337264,1.3730645344955716,20.409022012923266,1.999335207072545,5.1098611978898285,5.467675339941371,6.907010884074897,3.522842131245877,1.9182631503200276,3.2863225179956066,1.5424565040709257,2.347056588554934,1.0759718432985224,4.493665669465723,1.6143407842941746,3.022800136621631,3.339797773353357,3.154731547153269,4.657794058862597,2.632712523026805,2.2205404312889825,3.040265901501026,2.1008308243809193
86,28.799999999999997,12.074767078498864,2.0886531256498033,1.4336515101113507,2.3162856339173405,8.9498001383058,2.063901155833673,1.3730645344955292,20.40902201292376,1.999335207072514,5.10986119788982,5.4676753399415,6.907010884075045,3.5228421312458353,1.9182631503200018,3.2863225179955253,1.5424565040709008,2.3470565885548598,1.0759718432984984,4.493665669465657,1.6143407842941122,3.0228001366216066,3.3397977733533333,3.1547315471532245,4.65779405886255,2.6327125230268265,2.2205404312889163,3.04026590150096,2.1008308243808607
87,28.799999999999997,12.074767078498864,2.0886531256498033,1.4336515101113303,2.3162856339173077,8.94980013830589,2.063901155833644,1.373064534495506,20.409022012924034,1.9993352070724972,5.109861197889813,5.46767533994157,6.907010884075125,3.522842131245813,1.918263150319988,3.2863225179954823,1.542456504070887,2.34705658855482,1.0759718432984855,4.4936656694656225,1.6143407842940785,3.0228001366215937,3.33979777335332,3.1547315471532,4.6577940588625255,2.6327125230268376,2.2205404312888803,3.040265901500925,2.100830824380829
88,28.799999999999997,12.074767078498864,2.0886531256498033,1.433651510111319,2.3162856339172895,8.949800138305937,2.0639011558336287,1.3730645344954933,20.409022012924172,1.999335207072488,5.109861197889811,5.467675339941606,6.9070108840751665,3.5228421312458,1.91826315031998,3.2863225179954574,1.5424565040708798,2.3470565885547976,1.0759718432984782,4.493665669465603,1.6143407842940598,3.022800136621586,3.3397977733533124,3.1547315471531867,4.65779405886251,2.6327125230268433,2.2205404312888604,3.040265901500905,2.100830824380812
89,28.799999999999997,12.074767078498864,2.0886531256498033,1.433651510111313,2.31628563391728,8.949800138305962,2.0639011558336198,1.3730645344954866,20.40902201292425,1.999335207072483,5.109861197889808,5.467675339941627,6.9070108840751905,3.5228421312457936,1.9182631503199759,3.286322517995445,1.542456504070876,2.347056588554786,1.0759718432984744,4.493665669465593,1.61434078429405,3.022800136621582,3.3397977733533084,3.15473154715318,4.657794058862503,2.632712523026847,2.2205404312888497,3.0402659015008946,2.1008308243808025
90,28.799999999999997,12.074767078498864,2.0886531256498033,1.4336515101113099,2.316285633917275,8.949800138305976,2.0639011558336153,1.3730645344954833,20.40902201292429,1.9993352070724808,5.109861197889808,5.467675339941637,6.907010884075203,3.52284213124579,1.9182631503199739,3.2863225179954387,1.5424565040708735,2.34705658855478,1.0759718432984724,4.493665669465587,1.614340784294045,3.02280013662158,3.339797773353307,3.1547315471531756,4.657794058862499,2.6327125230268487,2.2205404312888444,3.040265901500889,2.100830824380798
91,28.799999999999997,12.074767078498864,2.0886531256498033,1.4336515101113083,2.316285633917272,8.949800138305983,2.063901155833613,1.3730645344954813,20.40902201292431,1.9993352070724792,5.109861197889807,5.467675339941643,6.907010884075208,3.5228421312457883,1.9182631503199727,3.286322517995435,1.5424565040708724,2.3470565885547767,1.0759718432984713,4.493665669465584,1.614340784294042,3.022800136621579,3.3397977733533057,3.154731547153174,4.657794058862496,2.6327125230268495,2.2205404312888417,3.040265901500886,2.100830824380796
92,29.2,12.074767078498864,2.1217800586498003,0.6397747754555156,2.1945289145438736,0.05600702125201439,0.6064861984640801,0.7660844301569073,0.5033077096337637,0.006943734579129578,0.05442058128333598,15.18848144652594,2.5031022107991876,0.00528361892699689,0.1545383799183814,1.4865075845042914,10.593191007261769,1.579285011854709,3.452736822240088,1.0239869060793265,0.22972137400884168,29.23827939695558,3.036248590956996,0.885385078134481,0.1368846977671755,0.3199586780595767,18.02488135859524,0.8348441661974163,6.479130305845356
93,30.2,12.074767078498864,2.2045973911497927,0.39879222326926755,2.5824523552805365,4.404865934233839,0.8431113289284262,0.07716717100572716,5.866082082339281,0.5938527998815721,0.13765349498622978,12.643278648175368,1.5574300067047007,0.03236789727145716,0.09073747067972344,1.038747294701609,0.6702462072450174,1.2505101423561138,3.197998317979728,1.1114714612807683,4.223630308905197,33.26496517599914,3.471942154092955,0.6782199990360859,0.38723663949883647,0.3393240119604476,19.471608770781902,1.0011954305731512,0.6651126728329336
94,30.2,12.074767078498864,2.2045973911497927,0.43587881134812334,2.819341636219452,3.9809717365764685,0.9189137400817284,0.08317269311445621,5.233315565906762,0.5329336484372843,0.11273549984487899,13.742073096337299,1.3099648334543426,0.02973977383211942,0.09773013722151414,1.1254989917668663,0.733384236838359,1.3675547897586229,3.047122820084198,1.215974980963079,3.851974181354137,31.190945719788722,3.798824949895578,0.6055529747928949,0.33926084115488003,0.3710982978013177,21.28672492156386,1.0952826486972649,0.674028473165812
95,30.0,12.074767078498864,2.188033924649794,0.44786053055966635,2.8958744475527394,3.8440224642159646,0.9434035422729041,0.08511292227418658,5.028885039425321,0.513252243244147,0.1046851388770961,14.097065216968222,1.2300152243337301,0.02889069499433403,0.09998928726426115,1.1535262255784706,0.7537825042807289,1.4053688938064004,2.998378841591426,1.2497373703958585,3.7319016809100978,30.52088357466088,3.904432342683058,0.5820761351718159,0.3237610992135437,0.38136374929777567,21.87314209234171,1.1256797999952308,0.6769089380904253
96,30.0,12.074767078498864,2.188033924649794,0.45286172697561605,2.9278194142962306,3.7868595314177735,0.9536256405196927,0.08592277826800894,4.943555280122944,0.5050371806663209,0.10132490019111622,14.245239722650126,1.1966440785464578,0.028536287587064814,0.10093226154845188,1.165224855700978,0.7622967867658403,1.4211525854701061,2.9780329958715313,1.2638298673108626,3.681783150482821,30.24119813557562,3.9485131047992077,0.5722768497689626,0.3172914722362671,0.3856485717281604,22.11791393192214,1.1383676389808093,0.6781112505969118
97,30.0,12.074767078498864,2.188033924649794,0.455157646752251,2.9424845213646957,3.7606175091122145,0.9583183411400202,0.08629456218485597,4.904382597103926,0.501265858152657,0.09978230161835239,14.313262801468474,1.181324249607601,0.028373588323196593,0.10136515662552323,1.1705953938730327,0.766205473391121,1.4283984696196346,2.968692744924437,1.2702993677420271,3.6587750309022935,30.11280179249562,3.9687494412863824,0.5677782515772276,0.31432143401157137,0.3876156227573732,22.230282345500896,1.1441922973279295,0.6786632011366933
98,30.0,12.074767078498864,2.188033924649794,0.4562530397102155,2.949481305474521,3.748097330171822,0.9605572482942051,0.0864719418514032,4.885693145686553,0.4994665443588035,0.09904632136731409,14.345716897763552,1.1740150949465267,0.028295963821800264,0.1015716926830054,1.1731577001670144,0.7680703241789381,1.4318555113474836,2.9642364720105534,1.2733859935405263,3.6477977605198526,30.05154335852526,3.9784042823259673,0.565631951506081,0.31290441631377297,0.3885541110561737,22.283893787061025,1.146971266262696,0.6789265390549317
99,30.0,12.074767078498864,2.188033924649794,0.4567830540499481,2.952866753484989,3.7420393449290117,0.9616405608063223,0.0865577683725283,4.87665011032566,0.49859593248797923,0.09869021164068666,14.361420062818969,1.1704785040331689,0.02825840460749684,0.10167162674898733,1.174397491849737,0.7689726466302724,1.4335282276777206,2.962080269956352,1.274879481263538,3.642486323494889,30.021902992300713,3.9830758517035263,0.5645934476460683,0.3122187813605561,0.3890082058651817,22.309834096969,1.1483158918369145,0.6790539571397815
100,30.0,12.074767078498864,2.188033924649794,0.45704016150154675,2.954509018316785,3.739100644914998,0.96216607058671,0.08659940241234915,4.872263376605349,0.49817360278355677,0.09851746449511171,14.369037593981362,1.1687629204934136,0.02824018481012595,0.1017201042921524,1.1749989089363366,0.7694103589874508,1.4343396544650249,2.9610343065290863,1.2756039651004298,3.6399097704935075,30.007524590712038,3.9853420079328754,0.5640896743310715,0.31188618308474847,0.3892284851111867,22.322417618723296,1.148968163348881,0.6791157670506224
101,30.0,12.074767078498864,2.188033924649794,0.4571645019313969,2.955303238452544,3.7376794522553825,0.9624202137925083,0.08661953716291951,4.870141896449749,0.49796935877328,0.0984339217809559,14.372721528823545,1.1679332424990525,0.028231373484655608,0.10174354864787896,1.1752897618797347,0.7696220422440188,1.434732070767618,2.960528465327885,1.2759543346876923,3.6386637167298654,30.00057101304252,3.986437949874321,0.5638460431560725,0.3117253343332855,0.3893350149529515,22.328503169702973,1.1492836101384345,0.6791456591087294
102,30.0,12.074767078498864,2.188033924649794,0.45722428346815286,2.9556850909223753,3.7369961581625457,0.9625424031030729,0.08662921773369402,4.86912191168654,0.497871160457397,0.09839375534560592,14.374492724937632,1.1675343422734785,0.028227137094463742,0.10175482044109438,1.1754296008359557,0.7697238172692329,1.4349207402908402,2.9602852623375275,1.2761227886039632,3.6380646275280664,29.997227807943965,3.986964866932061,0.5637289079164682,0.3116479999895065,0.38938623335117273,22.33142903693707,1.1494352735504634,0.6791600308876642
103,30.0,12.074767078498864,2.188033924649794,0.45725281765538534,2.955867352042792,3.7366700166372877,0.9626007250006797,0.08663383834457132,4.868635065115055,0.49782428964605,0.09837458359712081,14.375338130463945,1.1673439441281435,0.02822511503284598,0.10176020055467974,1.1754963470451658,0.7697723952714497,1.4350107937052026,2.9601691796799217,1.2762031929536632,3.6377786776448615,29.99563207044012,3.98721636849588,0.5636729983657982,0.31161108771249524,0.38941068028652936,22.332825575868746,1.1495076636633643,0.6791668906482733
104,30.0,12.074767078498864,2.188033924649794,0.4572663287475437,2.9559536536701967,3.7365155868591162,0.9626283407349917,0.08663602622884088,4.868404540627324,0.4978020960630854,0.09836550567040372,14.375738434558262,1.1672537895753774,0.0282241575757211,0.10176274806759406,1.1755279517366368,0.7697953972185342,1.4350534344845145,2.960114213912991,1.2762412648486108,3.637643278826829,29.99487648009159,3.987335455848151,0.5636465248908221,0.3115936095494612,0.38942225604279335,22.33348684461472,1.149541940773793,0.6791701387820648
105,30.0,12.074767078498864,2.188033924649794,0.45727267285368967,2.9559941764257527,3.7364430746674095,0.96264130764749,0.08663705354549885,4.868296298317809,0.4977916751108466,0.09836124314817382,14.375926396540557,1.1672114576864705,0.028223708003654025,0.10176394424715876,1.1755427916559456,0.7698061977365203,1.4350734563766703,2.960088404847692,1.2762591414303035,3.6375797025841754,29.994521694163307,3.9873913730748707,0.5636340943238982,0.31158540271316565,0.389427691415863,22.33379734202428,1.149558035522048,0.6791716639367534
106,30.4,12.074767078498864,2.221160857649791,1.081929181923584,0.248946947821103,0.33678588942186594,0.40262685893845673,1.210306645927198,9.23944114290895,0.13694944721013905,0.04919186412715098,7.809039255161626,0.25986247751860536,0.01394317786003752,0.04554812690282406,4.0616286128713,16.095354915167153,0.4162219742608857,4.2971428047702,7.766477743620033,2.381165688606273,13.493710772683535,0.020165919924900053,0.0644537366036748,0.13904562166171153,0.1555815352327789,28.54673498849476,0.21826871915405976,1.5094759512271898
107,30.599999999999998,12.074767078498864,2.2377243241497893,1.0950457940308762,0.22797929206548423,0.34478092808763283,0.4088084401921132,1.2182822006842535,9.394141250935832,0.1370264855550867,0.0472440654100709,7.582550653299343,0.26671128704037234,0.01424069220516735,0.03880694747798834,4.175347041424705,16.083879831351382,0.36733451644366427,4.340426284866373,7.446110250917494,2.245994220338523,13.899529994197854,0.02042264616286335,0.06502307883508467,0.1281408391405887,0.15500704592598108,28.784362204645795,0.1958243284111743,1.3169796803543101
108,30.8,12.521980673998822,2.1737775124122956,0.5498208417024265,0.2021015079608409,0.3595369412398903,0.47150468396902456,0.9308358266177241,8.123397958760787,0.2131179149641737,0.03783856343127107,9.636098579306477,0.196380971623148,0.014822454053067532,0.02142022107999815,3.012142267762026,16.11574160114982,0.41092447437213336,5.068619933135895,6.857948414380551,1.6531544584690767,11.124428367177185,0.018991034903472957,0.0928841385566081,0.22067633339851703,0.08030201441719231,33.51124444165187,0.14886589714867426,0.9272001587681609
109,29.799999999999997,12.074767078498864,2.1714704581497957,0.5702584592037727,0.2158989957220818,0.23716380090845957,0.3262898226747014,0.7698282831722283,10.625139582353434,0.1736871978554258,0.04890504326568294,14.251732778481042,0.15909296677257442,0.01854051819177734,0.017490584221739512,4.95008535175772,9.120720352199887,0.15157688757763668,6.588363133073641,6.5477391325894025,1.4648513810308932,10.242627921848396,0.017594061846025175,0.03733267624623436,0.3911476064663844,0.11069806728892818,32.10982505468895,0.13205403734697205,0.7213563032160275
110,29.599999999999998,12.074767078498864,2.1549069916497974,0.4979014261035996,0.2151695065576463,0.22209218688635368,0.31473096535209794,0.7081383076184161,10.786705221853671,0.17869821241968348,0.049217957115197816,15.173903278823456,0.1440716379347888,0.01911554853522411,0.014871655336594326,5.051048035570636,8.168813375487264,0.12421749347524046,6.893928039465582,6.4389612471657625,1.3639568951811285,9.724580440806427,0.017195872555442745,0.0335201603357103,0.4276012811923583,0.10466282670836538,32.554219038257955,0.12431945174710289,0.6483599375142935
111,29.599999999999998,12.074767078498864,2.1549069916497974,0.47485069250382184,0.2149371136626799,0.21729083247950193,0.3110486675927038,0.688485771695625,10.838175083944916,0.180294568113613,0.0493176418794261,15.467678543316934,0.13928630284683552,0.019298735582711668,0.01403734484234466,5.083211652960367,7.865564980799837,0.11550162885386257,6.991271655599348,6.404307946014287,1.331815003572752,9.559546387226558,0.017069021648678875,0.032305609588767166,0.4392143049557574,0.10274018398971599,32.695789344414806,0.12185544977620347,0.6251055321379267
112,29.599999999999998,12.074767078498864,2.1549069916497974,0.46592038253340906,0.21484708006014888,0.21543069284683503,0.30962207263196634,0.6808719906966165,10.858115526214124,0.1809130278736079,0.049356261728119105,15.58149288949428,0.13743236941505407,0.01936970586699991,0.01371411646035123,5.09567247429678,7.748080556676568,0.11212493056388673,7.028984497229858,6.390882571960955,1.319362599233613,9.495608931710777,0.017019877099221235,0.031835068614526625,0.44371341998183744,0.10199531418478877,32.75063648023869,0.12090084669285293,0.6160963156941346
113,29.599999999999998,12.074767078498864,2.1549069916497974,0.46222391783856503,0.21480981304095154,0.21466073743628217,0.3090315715268894,0.677720468213035,10.866369342833249,0.1811690228699269,0.049372247389052146,15.628603316098195,0.13666498289657086,0.019399082131779485,0.01358032465397846,5.100830300429515,7.699450998754774,0.11072723596477535,7.044594726672206,6.3853254948418385,1.3142082570934128,9.469143719666036,0.01699953501785832,0.03164030067203412,0.4455757091864729,0.10168699510680704,32.773338995812956,0.12050571409310161,0.6123671897597582
114,29.599999999999998,12.074767078498864,2.1549069916497974,0.4606605138922683,0.21479405111443803,0.21433508808569862,0.308781821607931,0.6763875452462481,10.869860259300633,0.1812772948596568,0.04937900845603101,15.6485284697097,0.13634042004791036,0.019411506697432145,0.013523737981215936,5.103011780951019,7.678883335044191,0.1101360870069573,7.051197006506447,6.382975152821792,1.3120282501116627,9.457950371327541,0.016990931421475258,0.03155792440307378,0.4463633564473093,0.10155659287033833,32.78294092775867,0.12033859444858735,0.610789971881775
115,29.599999999999998,12.074767078498864,2.1549069916497974,0.4599968580622085,0.21478736026883258,0.21419685184126427,0.3086758042282472,0.67582172724379,10.871342132920898,0.18132325568595936,0.04938187848941464,15.656986580865448,0.1362026450171868,0.01941678085287411,0.013499717269632415,5.10393780667181,7.670152482109753,0.10988514773229384,7.053999635675997,6.381977446382627,1.3111028498998771,9.453198860433428,0.01698727924513745,0.03152295615876071,0.4466977081021858,0.10150123788374624,32.78701689170306,0.1202676531370587,0.6101204521185191
116,30.8,12.521980673998822,2.1737775124122956,0.3267572388911084,22.316243097313627,3.3172293122560648,2.3627736721978634,0.5412574001479716,1.8582674217570068,1.1391237424632963,0.28010755634198536,2.814191798444081,0.6847802828484378,0.005157425382010659,0.0013577450332080316,2.5456245750233664,21.197851904911758,0.7154313998220813,0.2827442016724245,5.264443240958283,4.303152135307704,0.5524060146634311,4.626816155453645,0.21846582360999478,0.46143972262305116,0.00966204709139044,23.88816108393507,0.006798145795984721,0.27975685605514455
117,30.8,12.521980673998822,2.1737775124122956,0.3148688662073661,21.86037388832764,3.392023367155747,2.411879786865893,0.5393036408460259,1.7425541558428828,1.1670858791265815,0.2870628079518044,2.611396257808005,0.662912110620674,0.005261729796187303,0.0011876908475619184,2.5332633462756444,21.42945933778759,0.738719494488841,0.25565297620133565,5.258772474878515,3.921434485128144,0.5426028260611621,4.685463991650459,0.22431835861051078,0.4733008653939213,0.009178783105995413,24.64300038769706,0.0065325260332353445,0.2823899652912036
118,31.0,12.521980673998822,2.189749426537294,0.3112587333483956,21.72194044125008,3.414736019461665,2.426791802400356,0.538710344282896,1.7074155986485369,1.175577119354372,0.28917490378249416,2.54981349418013,0.6562714198192292,0.005293403836274366,0.0011360506256629136,2.5295096215845922,21.49979138625629,0.7457913720296808,0.24742620489589812,5.2570504377667335,3.8055185840690537,0.5396258994255988,4.703273534318246,0.2260955933486624,0.4769027293664918,0.009032030708535876,24.872221850234183,0.006451865487086346,0.28318955951887753
119,31.0,12.521980673998822,2.189749426537294,0.30993227600287454,21.6710763678447,3.4230812426610218,2.432270867386303,0.5384923515898344,1.6945047726146336,1.1786970233614351,0.2899509430969754,2.5271863742477714,0.653831456128967,0.0053050417080029375,0.0011170766559121725,2.5281304048399393,21.52563322254356,0.7483897650188365,0.24440347369615772,5.2564177162394605,3.76292804670408,0.5385320986273794,4.709817226646174,0.22674859592923996,0.4782261485066241,0.008978110034924288,24.956443817848985,0.006422228690294446,0.28348335137589975
120,31.0,12.521980673998822,2.189749426537294,0.30941473434838795,21.65123081699225,3.4263372845052924,2.4344086250514425,0.5384072977436525,1.689467377112292,1.1799143111144923,0.29025372906451485,2.5183579885287717,0.6528794595574908,0.005309582437042923,0.0011096736137185157,2.527592278138517,21.535715888791554,0.7494035756861415,0.24322409969558065,5.256170848334389,3.746310567636417,0.5381053321906742,4.712370368189159,0.2270033768591186,0.4787425047495717,0.008957071895457382,24.989304562757727,0.006410665350623437,0.28359797965570943
121,31.0,12.521980673998822,2.189749426537294,0.30920933670754597,21.643354679311415,3.427629515396271,2.435257040589216,0.53837354227837,1.6874681773508826,1.1803974181852686,0.29037389624888255,2.5148542520016615,0.652501639051304,0.005311384523936665,0.0011067355557120755,2.52737871087492,21.53971741377564,0.7498059284581738,0.24275603952054178,5.256072873447033,3.7397155603212577,0.5379359606656388,4.713383637836383,0.22710449220215417,0.4789474319341105,0.008948722453095118,25.002346062745318,0.006406076188247637,0.28364347237700555
